{"type": "FeatureCollection", "features": [{"type": "Feature", "properties": {"nome": "Aracaju", "municipio": "Aracaju", "fonte": "IBGE (malha territorial oficial)", "municipio_ibge_nome": "Aracaju", "municipio_ibge_codigo": "2800308"}, "geometry": {"type": "Polygon", "coordinates": [[[-37.1545, -11.1616], [-37.144, -11.1339], [-37.1257, -11.1031], [-37.0793, -11.0353], [-37.0581, -11.0062], [-37.0354, -10.9798], [-37.0335, -10.9713], [-37.0346, -10.9573], [-37.0391, -10.9453], [-37.0398, -10.9258], [-37.044, -10.91], [-37.0435, -10.8898], [-37.0398, -10.8841], [-37.0339, -10.8701], [-37.0373, -10.8665], [-37.0525, -10.8627], [-37.0592, -10.8664], [-37.0661, -10.8763], [-37.0718, -10.8664], [-37.0833, -10.8631], [-37.0973, -10.8824], [-37.1036, -10.8858], [-37.1019, -10.8946], [-37.1075, -10.9048], [-37.1021, -10.9171], [-37.0914, -10.941], [-37.1391, -11.0629], [-37.1491, -11.0558], [-37.1611, -11.0584], [-37.1701, -11.0714], [-37.1737, -11.0803], [-37.1621, -11.0938], [-37.1664, -11.1054], [-37.1643, -11.1169], [-37.1655, -11.1433], [-37.1645, -11.1503], [-37.1545, -11.1616]]]}}, {"type": "Feature", "properties": {"nome": "Nossa Senhora do Socorro", "municipio": "Nossa Senhora do Socorro", "fonte": "IBGE (malha territorial oficial)", "municipio_ibge_nome": "Nossa Senhora do Socorro", "municipio_ibge_codigo": "2804805"}, "geometry": {"type": "Polygon", "coordinates": [[[-37.0339, -10.8701], [-37.0284, -10.8474], [-37.031, -10.84], [-37.0458, -10.8259], [-37.0649, -10.823], [-37.0843, -10.8219], [-37.0911, -10.8234], [-37.1015, -10.8181], [-37.1088, -10.8268], [-37.1179, -10.832], [-37.1477, -10.835], [-37.1563, -10.8319], [-37.1605, -10.8364], [-37.1757, -10.8447], [-37.1812, -10.855], [-37.2077, -10.8467], [-37.2149, -10.8481], [-37.2299, -10.8367], [-37.2436, -10.8339], [-37.3177, -10.8316], [-37.3181, -10.8322], [-37.308, -10.8324], [-37.2978, -10.8479], [-37.2712, -10.8512], [-37.2681, -10.8469], [-37.2524, -10.855], [-37.2443, -10.8652], [-37.2353, -10.8682], [-37.2195, -10.8771], [-37.2068, -10.8747], [-37.1974, -10.8891], [-37.1895, -10.886], [-37.1842, -10.8961], [-37.1739, -10.8996], [-37.1688, -10.9134], [-37.1586, -10.9239], [-37.1533, -10.9225], [-37.146, -10.9287], [-37.1304, -10.9216], [-37.109, -10.9149], [-37.1021, -10.9171], [-37.1075, -10.9048], [-37.1019, -10.8946], [-37.1036, -10.8858], [-37.0973, -10.8824], [-37.0833, -10.8631], [-37.0718, -10.8664], [-37.0661, -10.8763], [-37.0592, -10.8664], [-37.0525, -10.8627], [-37.0373, -10.8665], [-37.0339, -10.8701]]]}}, {"type": "Feature", "properties": {"nome": "Barra dos Coqueiros", "municipio": "Barra dos Coqueiros", "fonte": "IBGE (malha territorial oficial)", "municipio_ibge_nome": "Barra dos Coqueiros", "municipio_ibge_codigo": "2800605"}, "geometry": {"type": "Polygon", "coordinates": [[[-36.8728, -10.7412], [-36.8822, -10.7444], [-36.8871, -10.7562], [-36.8994, -10.7726], [-36.9103, -10.7773], [-36.9279, -10.7899], [-36.9375, -10.7881], [-36.9384, -10.7953], [-36.9473, -10.7979], [-36.9592, -10.8073], [-36.9593, -10.8171], [-36.9641, -10.8187], [-36.9684, -10.8329], [-36.9774, -10.8321], [-36.9813, -10.8356], [-36.9816, -10.8465], [-36.9921, -10.8522], [-36.9935, -10.8568], [-37.0092, -10.8649], [-37.0154, -10.8732], [-37.028, -10.8852], [-37.0398, -10.8841], [-37.0435, -10.8898], [-37.044, -10.91], [-37.0398, -10.9258], [-37.0391, -10.9453], [-37.0346, -10.9573], [-37.0261, -10.9514], [-37.0046, -10.9167], [-36.9531, -10.8515], [-36.9389, -10.8367], [-36.9306, -10.8308], [-36.9206, -10.8162], [-36.8675, -10.7581], [-36.8527, -10.7442], [-36.8728, -10.7412]]]}}, {"type": "Feature", "properties": {"nome": "Itaporanga d'Ajuda", "municipio": "Itaporanga d'Ajuda", "fonte": "IBGE (malha territorial oficial)", "municipio_ibge_nome": "Itaporanga d'Ajuda", "municipio_ibge_codigo": "2803203"}, "geometry": {"type": "Polygon", "coordinates": [[[-37.3888, -11.053], [-37.3844, -11.0562], [-37.3779, -11.0701], [-37.3677, -11.0726], [-37.36, -11.0868], [-37.3512, -11.0906], [-37.3411, -11.1033], [-37.3356, -11.1162], [-37.339, -11.1196], [-37.3394, -11.1298], [-37.3313, -11.1376], [-37.3365, -11.1495], [-37.3399, -11.1685], [-37.3469, -11.1854], [-37.3497, -11.1969], [-37.3321, -11.2118], [-37.328, -11.2199], [-37.3303, -11.2282], [-37.3282, -11.2379], [-37.3158, -11.245], [-37.3117, -11.2507], [-37.2751, -11.2792], [-37.2602, -11.2896], [-37.2483, -11.2734], [-37.207, -11.2229], [-37.1846, -11.1998], [-37.1661, -11.1825], [-37.1586, -11.166], [-37.1545, -11.1616], [-37.1645, -11.1503], [-37.1655, -11.1433], [-37.1643, -11.1169], [-37.1664, -11.1054], [-37.188, -11.0917], [-37.202, -11.0877], [-37.2176, -11.078], [-37.2247, -11.0661], [-37.2256, -11.0434], [-37.2298, -11.0397], [-37.2503, -11.0352], [-37.2591, -11.0355], [-37.2681, -11.0298], [-37.2762, -11.0308], [-37.2837, -11.0196], [-37.302, -11.0087], [-37.3007, -11.0053], [-37.3038, -10.9861], [-37.3199, -10.9809], [-37.3282, -10.9749], [-37.325, -10.9687], [-37.3325, -10.9634], [-37.335, -10.9437], [-37.3277, -10.9331], [-37.3304, -10.9305], [-37.3184, -10.8345], [-37.3291, -10.8334], [-37.3371, -10.8396], [-37.3394, -10.8473], [-37.3504, -10.8497], [-37.3636, -10.8471], [-37.3705, -10.8522], [-37.3877, -10.8511], [-37.4048, -10.843], [-37.4064, -10.8348], [-37.4032, -10.8258], [-37.4558, -10.8817], [-37.464, -10.8925], [-37.4729, -10.8929], [-37.4855, -10.8987], [-37.4902, -10.9035], [-37.498, -10.9045], [-37.5036, -10.9011], [-37.4556, -10.9775], [-37.4394, -10.9806], [-37.4338, -10.9872], [-37.4258, -10.9893], [-37.4259, -11.0009], [-37.4123, -11.0106], [-37.4044, -11.0349], [-37.3888, -11.053]]]}}, {"type": "Feature", "properties": {"nome": "São Cristóvão", "municipio": "São Cristóvão", "fonte": "IBGE (malha territorial oficial)", "municipio_ibge_nome": "São Cristóvão", "municipio_ibge_codigo": "2806701"}, "geometry": {"type": "Polygon", "coordinates": [[[-37.1021, -10.9171], [-37.109, -10.9149], [-37.1304, -10.9216], [-37.146, -10.9287], [-37.1533, -10.9225], [-37.1586, -10.9239], [-37.1688, -10.9134], [-37.1739, -10.8996], [-37.1842, -10.8961], [-37.1895, -10.886], [-37.1974, -10.8891], [-37.2068, -10.8747], [-37.2195, -10.8771], [-37.2353, -10.8682], [-37.2443, -10.8652], [-37.2524, -10.855], [-37.2681, -10.8469], [-37.2712, -10.8512], [-37.2978, -10.8479], [-37.308, -10.8324], [-37.3181, -10.8322], [-37.3184, -10.8345], [-37.3304, -10.9305], [-37.3277, -10.9331], [-37.335, -10.9437], [-37.3325, -10.9634], [-37.325, -10.9687], [-37.3282, -10.9749], [-37.3199, -10.9809], [-37.3038, -10.9861], [-37.3007, -11.0053], [-37.302, -11.0087], [-37.2837, -11.0196], [-37.2762, -11.0308], [-37.2681, -11.0298], [-37.2591, -11.0355], [-37.2503, -11.0352], [-37.2298, -11.0397], [-37.2256, -11.0434], [-37.2247, -11.0661], [-37.2176, -11.078], [-37.202, -11.0877], [-37.188, -11.0917], [-37.1664, -11.1054], [-37.1621, -11.0938], [-37.1737, -11.0803], [-37.1701, -11.0714], [-37.1611, -11.0584], [-37.1491, -11.0558], [-37.1391, -11.0629], [-37.0914, -10.941], [-37.1021, -10.9171]]]}}, {"type": "Feature", "properties": {"nome": "Aeroporto", "municipio": "Aracaju", "fonte": "OpenStreetMap (Overpass API)", "osm_type": "relation", "osm_id": 4023040}, "geometry": {"type": "Polygon", "coordinates": [[[-37.0938923, -10.9870488], [-37.091596, -10.9824977], [-37.0884181, -10.9809755], [-37.0891238, -10.9796531], [-37.0887829, -10.9795362], [-37.0883713, -10.9795156], [-37.0880974, -10.9794234], [-37.0877228, -10.9793578], [-37.0872295, -10.9792372], [-37.0865999, -10.9789892], [-37.0863271, -10.9787253], [-37.0860705, -10.9784907], [-37.0857364, -10.978116], [-37.0853193, -10.9775439], [-37.084902, -10.9768902], [-37.0848394, -10.9767725], [-37.0847381, -10.9766995], [-37.084712, -10.9766721], [-37.0846389, -10.9766537], [-37.0845297, -10.9765626], [-37.0845117, -10.9765173], [-37.0845123, -10.9764269], [-37.0845602, -10.9760837], [-37.0846532, -10.9758493], [-37.0846537, -10.975768], [-37.0846101, -10.9756605], [-37.0845542, -10.9755956], [-37.0844601, -10.975542], [-37.0843713, -10.9755854], [-37.0839212, -10.9758374], [-37.0837211, -10.9759132], [-37.0831871, -10.9760407], [-37.0828245, -10.9760546], [-37.0827088, -10.9760059], [-37.0826314, -10.9758637], [-37.0826053, -10.9756466], [-37.0826099, -10.9753583], [-37.0826239, -10.975079], [-37.0825543, -10.9750497], [-37.0823262, -10.9749578], [-37.0821257, -10.974927], [-37.0817582, -10.9747101], [-37.081489, -10.9744828], [-37.0813488, -10.9744418], [-37.0811174, -10.9745421], [-37.0808153, -10.9746295], [-37.0806274, -10.9744425], [-37.0805335, -10.9742168], [-37.0805118, -10.9740063], [-37.0805496, -10.9738873], [-37.0807412, -10.9733174], [-37.0805504, -10.973108], [-37.0802188, -10.9728409], [-37.0774991, -10.9741943], [-37.0753866, -10.9752455], [-37.0724805, -10.9766723], [-37.072456, -10.9766855], [-37.069588, -10.9781023], [-37.0671313, -10.9793063], [-37.0657042, -10.9800047], [-37.0653275, -10.9801886], [-37.0636033, -10.9810496], [-37.063495, -10.9811043], [-37.0623571, -10.9816946], [-37.0615049, -10.9821139], [-37.0594615, -10.9829912], [-37.0589906, -10.9831856], [-37.0586764, -10.9832464], [-37.0582763, -10.983257], [-37.0564683, -10.9830316], [-37.056856, -10.9836757], [-37.0571224, -10.9840918], [-37.0573992, -10.9844716], [-37.057589, -10.9848254], [-37.0577695, -10.9852062], [-37.0580224, -10.985705], [-37.0582291, -10.985906], [-37.0585107, -10.9861211], [-37.0587376, -10.9862814], [-37.0588834, -10.9864136], [-37.0589982, -10.9865762], [-37.0592245, -10.9868875], [-37.0595934, -10.9874935], [-37.05974, -10.9877271], [-37.0604707, -10.989038], [-37.0606583, -10.9894106], [-37.0613959, -10.9907057], [-37.0614985, -10.9909024], [-37.0617554, -10.9912518], [-37.0618704, -10.9914426], [-37.0624976, -10.9924678], [-37.0630689, -10.9932488], [-37.0634679, -10.9937846], [-37.0637944, -10.9942296], [-37.0647972, -10.9953336], [-37.0653569, -10.9959209], [-37.0658269, -10.9964074], [-37.0678198, -10.9984585], [-37.0680543, -10.998749], [-37.0690813, -11.0000213], [-37.0694116, -10.9998697], [-37.0699613, -10.9997648], [-37.0702274, -10.9996309], [-37.0704793, -10.9995602], [-37.0712357, -10.999348], [-37.0713357, -10.999311], [-37.0718397, -10.9991244], [-37.0720519, -10.9990459], [-37.0740344, -10.9980732], [-37.0758069, -10.9970268], [-37.0763674, -10.9966507], [-37.0773149, -10.9958613], [-37.0790487, -10.9937299], [-37.0807733, -10.9916963], [-37.0810769, -10.9913383], [-37.0812254, -10.9912639], [-37.0815191, -10.9911166], [-37.0938923, -10.9870488]]]}}, {"type": "Feature", "properties": {"nome": "América", "municipio": "Aracaju", "fonte": "OpenStreetMap (Overpass API)", "osm_type": "relation", "osm_id": 4023041}, "geometry": {"type": "Polygon", "coordinates": [[[-37.0847109, -10.9191486], [-37.0845795, -10.9192882], [-37.0836653, -10.9202962], [-37.0829863, -10.9210132], [-37.0816291, -10.9225328], [-37.0811429, -10.9232598], [-37.0810439, -10.9234423], [-37.0809657, -10.9235866], [-37.0808957, -10.9237132], [-37.0807827, -10.9239829], [-37.080743, -10.9240775], [-37.080644, -10.9243743], [-37.0804683, -10.9251572], [-37.0804642, -10.9252237], [-37.0804331, -10.92592], [-37.0804396, -10.9265677], [-37.0804961, -10.9268393], [-37.0805393, -10.9271082], [-37.0806637, -10.9275923], [-37.0805822, -10.9276132], [-37.0803007, -10.9277442], [-37.0794077, -10.9281899], [-37.0783609, -10.9286759], [-37.0779182, -10.9276629], [-37.0777352, -10.9272225], [-37.0775636, -10.9268259], [-37.0772805, -10.9261717], [-37.0769516, -10.9254582], [-37.0769213, -10.9253865], [-37.0768916, -10.9253178], [-37.0768554, -10.9252351], [-37.0766853, -10.9248458], [-37.0766615, -10.9247944], [-37.0766282, -10.9247286], [-37.0765965, -10.9246632], [-37.076439, -10.9243123], [-37.0763361, -10.924087], [-37.0760706, -10.9234787], [-37.0757997, -10.9228571], [-37.0754081, -10.921934], [-37.0751493, -10.9213138], [-37.0750527, -10.9210649], [-37.0749763, -10.9207766], [-37.0749319, -10.9205471], [-37.0748193, -10.9196284], [-37.0746785, -10.918559], [-37.0746705, -10.918505], [-37.0746551, -10.9184194], [-37.0746423, -10.9183269], [-37.0744988, -10.917395], [-37.0743486, -10.9163211], [-37.0741837, -10.9151761], [-37.0747976, -10.9150871], [-37.0754309, -10.914997], [-37.0760451, -10.9149035], [-37.0760196, -10.9145914], [-37.0759808, -10.9139633], [-37.0765615, -10.9140214], [-37.0770736, -10.9141429], [-37.0779807, -10.9143313], [-37.0781281, -10.9143313], [-37.0782542, -10.9143268], [-37.0791978, -10.9142143], [-37.0796717, -10.9141526], [-37.0801716, -10.9141192], [-37.0807163, -10.9140494], [-37.0819557, -10.9138907], [-37.0826972, -10.9138246], [-37.0841992, -10.913621], [-37.0857544, -10.9134189], [-37.0858448, -10.9143366], [-37.0880359, -10.9140206], [-37.0881164, -10.9143544], [-37.088192, -10.9146816], [-37.0882501, -10.91487], [-37.0882926, -10.9150385], [-37.0883754, -10.9151155], [-37.0870952, -10.9165587], [-37.0855963, -10.9181558], [-37.0854409, -10.9183309], [-37.08484, -10.9190079], [-37.0847904, -10.9190617], [-37.0847109, -10.9191486]]]}}, {"type": "Feature", "properties": {"nome": "Atalaia", "municipio": "Aracaju", "fonte": "OpenStreetMap (Overpass API)", "osm_type": "relation", "osm_id": 4023042}, "geometry": {"type": "Polygon", "coordinates": [[[-37.0529763, -10.9765284], [-37.0531366, -10.9760374], [-37.0516251, -10.9777095], [-37.0512125, -10.9777708], [-37.0510469, -10.9777211], [-37.0505821, -10.9777673], [-37.0504482, -10.9777965], [-37.0499006, -10.9778939], [-37.0496718, -10.9779547], [-37.0492228, -10.9780825], [-37.0489636, -10.9781568], [-37.0488565, -10.9779109], [-37.0478379, -10.9782103], [-37.0478576, -10.9783391], [-37.0471412, -10.9785005], [-37.0471151, -10.9785474], [-37.0467883, -10.9786149], [-37.0463807, -10.9787001], [-37.0425072, -10.9795629], [-37.0422504, -10.979614], [-37.0422198, -10.9796253], [-37.0414985, -10.979358], [-37.0407059, -10.9794395], [-37.0397156, -10.9805512], [-37.036698, -10.9816729], [-37.0374839, -10.9826543], [-37.0382416, -10.983494], [-37.0396735, -10.9850808], [-37.0400265, -10.985472], [-37.0408768, -10.9864143], [-37.0434107, -10.9893393], [-37.0441818, -10.9902294], [-37.0446798, -10.9907915], [-37.0461952, -10.9925019], [-37.0474858, -10.9940106], [-37.0484746, -10.9951665], [-37.0494805, -10.9963425], [-37.0495315, -10.9964015], [-37.0514502, -10.9986201], [-37.0525494, -10.9997297], [-37.0528444, -11.0000275], [-37.0544801, -11.0019053], [-37.0550465, -11.0025836], [-37.0572598, -11.0012215], [-37.0580086, -11.0007549], [-37.0584394, -11.0005115], [-37.058914, -11.0002706], [-37.0592937, -11.000088], [-37.0597658, -10.9999152], [-37.0599703, -10.99965], [-37.0600676, -10.9995672], [-37.0607394, -10.9992021], [-37.0618468, -10.9986046], [-37.0627632, -10.9981062], [-37.0634531, -10.9977284], [-37.0640299, -10.9974157], [-37.0648745, -10.9969533], [-37.065662, -10.9965072], [-37.0658269, -10.9964074], [-37.0653569, -10.9959209], [-37.0647972, -10.9953336], [-37.0637944, -10.9942296], [-37.0634679, -10.9937846], [-37.0630689, -10.9932488], [-37.0624976, -10.9924678], [-37.0618704, -10.9914426], [-37.0617554, -10.9912518], [-37.0614985, -10.9909024], [-37.0613959, -10.9907057], [-37.0606583, -10.9894106], [-37.0604707, -10.989038], [-37.05974, -10.9877271], [-37.0595934, -10.9874935], [-37.0592245, -10.9868875], [-37.0589982, -10.9865762], [-37.0588834, -10.9864136], [-37.0587376, -10.9862814], [-37.0585107, -10.9861211], [-37.0582291, -10.985906], [-37.0580224, -10.985705], [-37.0577695, -10.9852062], [-37.057589, -10.9848254], [-37.0573992, -10.9844716], [-37.0571224, -10.9840918], [-37.056856, -10.9836757], [-37.0564683, -10.9830316], [-37.0550528, -10.9828552], [-37.0522205, -10.9837922], [-37.0521981, -10.9810579], [-37.052812, -10.9784536], [-37.0528096, -10.9779727], [-37.0528573, -10.9774652], [-37.0529763, -10.9765284]]]}}, {"type": "Feature", "properties": {"nome": "Santa Maria", "municipio": "Aracaju", "fonte": "OpenStreetMap (Overpass API)", "osm_type": "relation", "osm_id": 4023043}, "geometry": {"type": "Polygon", "coordinates": [[[-37.1027044, -10.9698789], [-37.1037937, -10.9726427], [-37.1043176, -10.9739928], [-37.1045497, -10.9745909], [-37.1051069, -10.976013], [-37.1052811, -10.9764575], [-37.105429, -10.9770786], [-37.1066112, -10.9798466], [-37.1095913, -10.9874041], [-37.1099591, -10.9883204], [-37.1117528, -10.9928905], [-37.1121033, -10.9937835], [-37.1127514, -10.9954508], [-37.1148113, -11.0007132], [-37.1148761, -11.0008786], [-37.1173338, -11.0071854], [-37.1188791, -11.0111434], [-37.1203409, -11.0148876], [-37.122872, -11.0211948], [-37.1253031, -11.0274019], [-37.1275816, -11.0332012], [-37.1282659, -11.0349321], [-37.1309219, -11.0417915], [-37.1335965, -11.0486057], [-37.1340358, -11.0497542], [-37.1342897, -11.0504179], [-37.1359912, -11.0548578], [-37.1367923, -11.056969], [-37.1383592, -11.0609922], [-37.1366371, -11.0598064], [-37.1329106, -11.0572343], [-37.1290958, -11.0498254], [-37.1251727, -11.0421988], [-37.1245666, -11.0411103], [-37.1223229, -11.0370648], [-37.1212003, -11.0380522], [-37.1197296, -11.0390916], [-37.118382, -11.039481], [-37.1160187, -11.0398821], [-37.1148669, -11.0396941], [-37.1136248, -11.0393248], [-37.1123761, -11.0385577], [-37.1120695, -11.0380695], [-37.1117149, -11.037505], [-37.1119073, -11.0360237], [-37.1131334, -11.0346031], [-37.1145419, -11.0338023], [-37.1152435, -11.0334034], [-37.1154293, -11.0332977], [-37.1154648, -11.0320324], [-37.1150987, -11.0306019], [-37.113732, -11.0296894], [-37.1126442, -11.0280917], [-37.1121433, -11.0262897], [-37.1121009, -11.0257791], [-37.1119819, -11.0243452], [-37.1121794, -11.0234967], [-37.1113271, -11.0222801], [-37.111018, -11.0219709], [-37.1109452, -11.0219071], [-37.1106096, -11.021444], [-37.1105477, -11.0211092], [-37.1105878, -11.020549], [-37.110635, -11.0203233], [-37.1107007, -11.0200706], [-37.1109118, -11.0199725], [-37.1111499, -11.0199378], [-37.111269, -11.0199114], [-37.1114704, -11.0198946], [-37.1116173, -11.0198142], [-37.1117646, -11.0196795], [-37.1118663, -11.0195084], [-37.1119869, -11.019247], [-37.1118969, -11.0190114], [-37.1117342, -11.018694], [-37.1114715, -11.0182856], [-37.1112268, -11.0179225], [-37.1110474, -11.0173609], [-37.1097655, -11.0149019], [-37.1088521, -11.012954], [-37.1075689, -11.0104421], [-37.1071799, -11.0097527], [-37.1062758, -11.0080567], [-37.1060683, -11.0075944], [-37.1058244, -11.0071047], [-37.105732, -11.0068919], [-37.1056162, -11.006673], [-37.1052819, -11.0060889], [-37.1048664, -11.0052456], [-37.1044506, -11.0044657], [-37.1042787, -11.0041572], [-37.104225, -11.0039761], [-37.1041526, -11.0038401], [-37.1041075, -11.0037404], [-37.1040349, -11.0036585], [-37.1039443, -11.0035133], [-37.103782, -11.0031417], [-37.1037096, -11.0030147], [-37.1036554, -11.0029059], [-37.1035828, -11.002806], [-37.1035103, -11.0027061], [-37.1033929, -11.0024613], [-37.1032212, -11.0021258], [-37.1031488, -11.0019988], [-37.1031206, -11.0019377], [-37.1030945, -11.0019171], [-37.1030634, -11.0018812], [-37.1030432, -11.0018159], [-37.103023, -11.0017546], [-37.1030015, -11.0016954], [-37.102987, -11.001672], [-37.1029624, -11.0016321], [-37.1029415, -11.0015903], [-37.1029153, -11.0015621], [-37.1029048, -11.0015272], [-37.1028971, -11.0014692], [-37.1028628, -11.0014099], [-37.1028507, -11.0013614], [-37.1027833, -11.0012618], [-37.1027322, -11.0011346], [-37.1027149, -11.0011015], [-37.1026904, -11.0010242], [-37.1026473, -11.0009427], [-37.1025571, -11.000833], [-37.1025181, -11.0007185], [-37.1024319, -11.000631], [-37.1023283, -11.0004668], [-37.102265, -11.000316], [-37.1022138, -11.0001854], [-37.1021357, -11.0000561], [-37.1019727, -10.9997263], [-37.1019109, -10.9995579], [-37.1017302, -10.9992141], [-37.101651, -10.9991244], [-37.1015233, -10.9988192], [-37.1014437, -10.9987137], [-37.1013362, -10.9985898], [-37.1012727, -10.9983677], [-37.1001048, -10.9958781], [-37.099305, -10.9943792], [-37.0992431, -10.9943146], [-37.0989218, -10.9937798], [-37.0988865, -10.9937316], [-37.0984554, -10.9931432], [-37.0981005, -10.9922503], [-37.0979115, -10.9918399], [-37.0975243, -10.9910762], [-37.0970019, -10.9902522], [-37.0967218, -10.9896921], [-37.0964875, -10.9892748], [-37.0963125, -10.9890243], [-37.0960971, -10.9885935], [-37.0958489, -10.9880506], [-37.0956557, -10.9876281], [-37.0946079, -10.9880769], [-37.0938923, -10.9870488], [-37.091596, -10.9824977], [-37.0884181, -10.9809755], [-37.0891238, -10.9796531], [-37.0887829, -10.9795362], [-37.0883713, -10.9795156], [-37.0880974, -10.9794234], [-37.0877228, -10.9793578], [-37.0872295, -10.9792372], [-37.0865999, -10.9789892], [-37.0863271, -10.9787253], [-37.0860705, -10.9784907], [-37.0857364, -10.978116], [-37.0853193, -10.9775439], [-37.084902, -10.9768902], [-37.0848394, -10.9767725], [-37.0847381, -10.9766995], [-37.0848862, -10.9766101], [-37.0849661, -10.9765806], [-37.0850768, -10.9764458], [-37.0852447, -10.9763644], [-37.0854906, -10.9762321], [-37.0857346, -10.9760901], [-37.0859837, -10.9759418], [-37.086317, -10.9757791], [-37.0869426, -10.9754931], [-37.0870162, -10.9754303], [-37.0871261, -10.9754039], [-37.087264, -10.9752963], [-37.0873284, -10.9752515], [-37.0873929, -10.9751705], [-37.0875032, -10.9750899], [-37.0875583, -10.9750631], [-37.0875951, -10.9750272], [-37.0876592, -10.9750185], [-37.0877234, -10.9749918], [-37.0878058, -10.9749833], [-37.087879, -10.9749837], [-37.0879613, -10.9749843], [-37.0880164, -10.9749575], [-37.0880714, -10.9749307], [-37.0881083, -10.9748948], [-37.0881545, -10.9748228], [-37.0881732, -10.9747596], [-37.0881102, -10.9745875], [-37.0880925, -10.974506], [-37.0880654, -10.9744516], [-37.0880111, -10.9743518], [-37.0880026, -10.9742614], [-37.0880122, -10.9741801], [-37.0880492, -10.974117], [-37.0881319, -10.9740724], [-37.0882548, -10.9740262], [-37.0883885, -10.9740017], [-37.0885165, -10.9740115], [-37.0886262, -10.9740212], [-37.0886809, -10.9740487], [-37.0888087, -10.9740856], [-37.0888727, -10.9740951], [-37.0890556, -10.9741143], [-37.089202, -10.9740972], [-37.0893577, -10.974071], [-37.0894878, -10.9740322], [-37.0895542, -10.9739694], [-37.089688, -10.9739194], [-37.089826, -10.9738118], [-37.0899914, -10.9736953], [-37.0901109, -10.9736057], [-37.0902668, -10.9735434], [-37.0904132, -10.9735353], [-37.0905961, -10.9735455], [-37.0908252, -10.9734836], [-37.0911552, -10.9733772], [-37.0913673, -10.9732657], [-37.0914124, -10.9732161], [-37.091496, -10.9730178], [-37.0915799, -10.9727743], [-37.0916364, -10.9725215], [-37.0917013, -10.9723954], [-37.0918758, -10.972288], [-37.0921235, -10.972172], [-37.0922706, -10.9720645], [-37.0924588, -10.9719713], [-37.092563, -10.9719031], [-37.0926658, -10.9717777], [-37.0927769, -10.9715705], [-37.0928243, -10.9713177], [-37.0928259, -10.9710646], [-37.0928363, -10.9708658], [-37.0928469, -10.9706399], [-37.0929396, -10.9704506], [-37.0929678, -10.9703333], [-37.0930055, -10.9701618], [-37.0930244, -10.9700625], [-37.0929703, -10.9699446], [-37.0929067, -10.9698719], [-37.09277, -10.9697897], [-37.092597, -10.969662], [-37.0925242, -10.9696073], [-37.0924606, -10.9695437], [-37.0924157, -10.9694078], [-37.092398, -10.9693083], [-37.0924355, -10.9691729], [-37.0924911, -10.9690557], [-37.0926475, -10.9689302], [-37.0928496, -10.9687868], [-37.0930148, -10.9687065], [-37.0931067, -10.9686438], [-37.0931988, -10.968554], [-37.0933274, -10.9684734], [-37.0933827, -10.9684014], [-37.0934074, -10.9683111], [-37.0934146, -10.9682321], [-37.0933984, -10.9681693], [-37.093357, -10.9681301], [-37.0933114, -10.9681117], [-37.0932108, -10.9681021], [-37.0931192, -10.9681286], [-37.0930182, -10.9681822], [-37.0928255, -10.9682714], [-37.0927248, -10.9682798], [-37.0926794, -10.9682343], [-37.0926709, -10.9681258], [-37.0926806, -10.9680355], [-37.0927358, -10.9679906], [-37.0928463, -10.9678828], [-37.0929293, -10.9677839], [-37.0930178, -10.9676325], [-37.0930587, -10.9675678], [-37.0930537, -10.9674584], [-37.0930555, -10.9673579], [-37.0930753, -10.9672878], [-37.0931065, -10.9672427], [-37.0932167, -10.9671891], [-37.0933266, -10.9671627], [-37.0934274, -10.9671362], [-37.0934908, -10.9670734], [-37.093575, -10.9669383], [-37.0936126, -10.9667848], [-37.0936226, -10.9666493], [-37.0936506, -10.9665681], [-37.0936696, -10.9664507], [-37.093661, -10.9663784], [-37.0935881, -10.9663327], [-37.0935043, -10.9663238], [-37.0934186, -10.9663305], [-37.093353, -10.9662816], [-37.0932279, -10.966217], [-37.0931319, -10.96614], [-37.0930045, -10.9660398], [-37.0928861, -10.9659487], [-37.0928315, -10.9659031], [-37.0928044, -10.9658578], [-37.0928048, -10.9657945], [-37.0928601, -10.9657315], [-37.0929242, -10.9657139], [-37.093089, -10.9656968], [-37.0932263, -10.9656886], [-37.0932723, -10.9656437], [-37.0933189, -10.9655175], [-37.0933837, -10.9653913], [-37.093439, -10.9653284], [-37.0937131, -10.9652246], [-37.093862, -10.9652263], [-37.093926, -10.9652978], [-37.0943063, -10.9657224], [-37.0944243, -10.9658383], [-37.0945477, -10.9659331], [-37.0946711, -10.9659963], [-37.0948159, -10.966049], [-37.0967149, -10.9665493], [-37.0969349, -10.9666335], [-37.0971548, -10.9667441], [-37.0975244, -10.9669593], [-37.0996707, -10.968935], [-37.0999336, -10.9691088], [-37.1001643, -10.969193], [-37.100394, -10.9692609], [-37.1010273, -10.9694205], [-37.1024817, -10.9698039], [-37.1026855, -10.9698724], [-37.1027044, -10.9698789]]]}}, {"type": "Feature", "properties": {"nome": "Assis Chateaubriand", "municipio": "Aracaju", "fonte": "OpenStreetMap (Overpass API)", "osm_type": "relation", "osm_id": 4023044}, "geometry": {"type": "Polygon", "coordinates": [[[-37.093706, -10.8945687], [-37.0923247, -10.8948411], [-37.0922042, -10.8948638], [-37.0917734, -10.8949554], [-37.0916765, -10.8949796], [-37.0914976, -10.8950315], [-37.0913719, -10.8950703], [-37.0903812, -10.8953914], [-37.0894658, -10.8957362], [-37.0891928, -10.8955176], [-37.0890197, -10.895408], [-37.0888009, -10.8952982], [-37.0885911, -10.8952155], [-37.088235, -10.8951229], [-37.088034, -10.8950946], [-37.0878604, -10.8950664], [-37.0875862, -10.8950285], [-37.0874403, -10.8949643], [-37.0873402, -10.8948914], [-37.087232, -10.8946466], [-37.0871873, -10.8944836], [-37.087179, -10.894348], [-37.0872077, -10.8941583], [-37.087208, -10.8941041], [-37.0872824, -10.8939673], [-37.0873612, -10.8938222], [-37.0873621, -10.8938205], [-37.0873686, -10.8938087], [-37.0873897, -10.8937698], [-37.0875333, -10.8932926], [-37.0876184, -10.8928502], [-37.0876656, -10.8926245], [-37.0877192, -10.8920664], [-37.087748, -10.8917921], [-37.0877536, -10.8917392], [-37.0877952, -10.8914331], [-37.0879845, -10.8911496], [-37.088163, -10.8909585], [-37.0884114, -10.8905265], [-37.0888525, -10.8899234], [-37.089105, -10.8891985], [-37.0897796, -10.888118], [-37.0900104, -10.8877669], [-37.0904679, -10.8871137], [-37.0909786, -10.8868683], [-37.0912325, -10.8867404], [-37.091185, -10.8862309], [-37.0920774, -10.8855842], [-37.09216, -10.8848354], [-37.0926068, -10.8839865], [-37.0951728, -10.8827731], [-37.0960431, -10.8832253], [-37.0967672, -10.8837232], [-37.0966715, -10.8841673], [-37.096721, -10.8853111], [-37.0970355, -10.8859738], [-37.0976369, -10.8865397], [-37.0986633, -10.8868725], [-37.0993656, -10.8869417], [-37.0997993, -10.8869342], [-37.0999681, -10.8868791], [-37.1004297, -10.8867563], [-37.1014596, -10.8862815], [-37.1022986, -10.8859078], [-37.1028432, -10.8856333], [-37.1032805, -10.8856446], [-37.1036074, -10.8857574], [-37.1037966, -10.8859091], [-37.1039683, -10.8860685], [-37.1041874, -10.8863163], [-37.1045184, -10.8868002], [-37.1047991, -10.8875788], [-37.1049126, -10.8886539], [-37.104926, -10.8893857], [-37.1050718, -10.8899024], [-37.1051967, -10.8903407], [-37.1052101, -10.8906594], [-37.10509, -10.890952], [-37.1044195, -10.8914621], [-37.1042613, -10.8915714], [-37.1043899, -10.8911885], [-37.1040833, -10.8911793], [-37.1040477, -10.8911781], [-37.1040164, -10.8911765], [-37.1038029, -10.8911581], [-37.1037966, -10.8911611], [-37.1037896, -10.8911628], [-37.1033862, -10.8912204], [-37.1032231, -10.8912996], [-37.1031529, -10.8913258], [-37.1030727, -10.8913465], [-37.1029943, -10.8913627], [-37.1026339, -10.8914285], [-37.1024542, -10.89147], [-37.101596, -10.8914403], [-37.1012663, -10.8916698], [-37.1008549, -10.89195], [-37.1006912, -10.8920688], [-37.1004953, -10.8921928], [-37.1001337, -10.8924534], [-37.0998511, -10.8926431], [-37.0997175, -10.8927374], [-37.0993301, -10.8930194], [-37.0991622, -10.8931378], [-37.0989542, -10.8932739], [-37.0987369, -10.8934211], [-37.0986317, -10.8934853], [-37.0981495, -10.8936862], [-37.0978568, -10.8937561], [-37.093706, -10.8945687]]]}}, {"type": "Feature", "properties": {"nome": "Capucho", "municipio": "Aracaju", "fonte": "OpenStreetMap (Overpass API)", "osm_type": "relation", "osm_id": 4023045}, "geometry": {"type": "Polygon", "coordinates": [[[-37.097233, -10.9224759], [-37.098687, -10.9219959], [-37.10011, -10.9214353], [-37.1008163, -10.9198559], [-37.1011245, -10.9191667], [-37.1020624, -10.9171321], [-37.1022839, -10.916652], [-37.1027109, -10.915552], [-37.1047244, -10.9111167], [-37.1071341, -10.9056578], [-37.1070545, -10.9056804], [-37.1065486, -10.9057524], [-37.1061549, -10.9058072], [-37.1018135, -10.9063261], [-37.0971986, -10.9069696], [-37.0940358, -10.9073982], [-37.0926906, -10.9075745], [-37.0925509, -10.9077043], [-37.0924154, -10.907812], [-37.0920788, -10.908069], [-37.0914483, -10.9085554], [-37.0912375, -10.9087163], [-37.0910599, -10.9089289], [-37.0908445, -10.9095437], [-37.0906827, -10.9099876], [-37.0905047, -10.9106578], [-37.0898302, -10.9126171], [-37.0896823, -10.9129167], [-37.089588, -10.9131442], [-37.0894197, -10.9135343], [-37.0890158, -10.9142114], [-37.0886413, -10.9147546], [-37.0884128, -10.9150664], [-37.0883754, -10.9151155], [-37.0870952, -10.9165587], [-37.0855963, -10.9181558], [-37.0854409, -10.9183309], [-37.08484, -10.9190079], [-37.0849668, -10.919026], [-37.0850374, -10.9190442], [-37.085189, -10.9190852], [-37.0853918, -10.919157], [-37.0855799, -10.9192152], [-37.085876, -10.9193338], [-37.0874295, -10.9198852], [-37.0887575, -10.920384], [-37.0889588, -10.9204596], [-37.0900642, -10.9208744], [-37.0910874, -10.9212634], [-37.09234, -10.9217348], [-37.0934588, -10.9221563], [-37.0946543, -10.9226052], [-37.095091, -10.9227491], [-37.0954238, -10.9228049], [-37.0956244, -10.9228232], [-37.095907, -10.9228232], [-37.0961121, -10.9228004], [-37.0963309, -10.9227685], [-37.0966455, -10.9226773], [-37.097233, -10.9224759]]]}}, {"type": "Feature", "properties": {"nome": "Centro", "municipio": "Aracaju", "fonte": "OpenStreetMap (Overpass API)", "osm_type": "relation", "osm_id": 4023046}, "geometry": {"type": "Polygon", "coordinates": [[[-37.0525754, -10.9059822], [-37.0525364, -10.9060387], [-37.0526671, -10.9060432], [-37.053375, -10.9060923], [-37.0534822, -10.906096], [-37.0550353, -10.9061845], [-37.0566205, -10.9062819], [-37.0575319, -10.9063422], [-37.0575271, -10.9063869], [-37.0575247, -10.9064701], [-37.0575232, -10.9065248], [-37.0575196, -10.9066525], [-37.0575204, -10.906816], [-37.057506, -10.9079983], [-37.0575057, -10.9080662], [-37.0575045, -10.9083775], [-37.0574979, -10.9088262], [-37.0574847, -10.9093408], [-37.057474, -10.9097299], [-37.0574723, -10.9097869], [-37.057467, -10.9101621], [-37.0574587, -10.9104478], [-37.0574564, -10.9105257], [-37.0574563, -10.9105791], [-37.0574552, -10.9109982], [-37.0574608, -10.9114765], [-37.0574606, -10.9115509], [-37.0574407, -10.9127215], [-37.0574407, -10.9128009], [-37.0574367, -10.9139525], [-37.0574365, -10.9140301], [-37.0574352, -10.9141099], [-37.057421, -10.9149293], [-37.0574201, -10.9150112], [-37.0574197, -10.9150732], [-37.057405, -10.9160439], [-37.05741, -10.9161216], [-37.0574092, -10.9162195], [-37.0574097, -10.9171683], [-37.0573838, -10.9185429], [-37.0573472, -10.9185433], [-37.0572497, -10.9185453], [-37.0562551, -10.9185229], [-37.0561912, -10.9185206], [-37.0561037, -10.9185207], [-37.0552663, -10.9185081], [-37.0552097, -10.9185096], [-37.0551523, -10.9185071], [-37.055085, -10.9185058], [-37.0549885, -10.9185042], [-37.0541048, -10.918485], [-37.0540259, -10.9184857], [-37.0539372, -10.9184835], [-37.0529324, -10.9184751], [-37.0528576, -10.9184759], [-37.0527594, -10.9184734], [-37.0524759, -10.9184684], [-37.0522165, -10.9184626], [-37.052091, -10.9184609], [-37.0517297, -10.9184559], [-37.0516592, -10.9184552], [-37.0515579, -10.9184547], [-37.0503773, -10.9184381], [-37.0503182, -10.9184355], [-37.0503071, -10.9184344], [-37.0501884, -10.9184345], [-37.0492236, -10.9184082], [-37.04915, -10.9184068], [-37.049055, -10.9184045], [-37.0486879, -10.9184063], [-37.0483143, -10.9183993], [-37.0482615, -10.9183968], [-37.0481664, -10.918395], [-37.0469141, -10.9183703], [-37.0468058, -10.9183589], [-37.0467164, -10.9183393], [-37.0467059, -10.918337], [-37.0418423, -10.9184589], [-37.0419311, -10.9181407], [-37.0428077, -10.9150003], [-37.0434141, -10.9038839], [-37.0482608, -10.9041974], [-37.0491466, -10.9042381], [-37.0495432, -10.9042566], [-37.0503708, -10.9042888], [-37.0504067, -10.9042883], [-37.0504148, -10.9057205], [-37.0504519, -10.905725], [-37.0506296, -10.9057483], [-37.0512171, -10.9058112], [-37.0519913, -10.905905], [-37.0523818, -10.9059561], [-37.0524204, -10.9059635], [-37.0525084, -10.9059791], [-37.0525754, -10.9059822]]]}}, {"type": "Feature", "properties": {"nome": "Cidade Nova", "municipio": "Aracaju", "fonte": "OpenStreetMap (Overpass API)", "osm_type": "relation", "osm_id": 4023047}, "geometry": {"type": "Polygon", "coordinates": [[[-37.073198, -10.8833179], [-37.0730323, -10.8834853], [-37.0729626, -10.8835518], [-37.0728761, -10.8836426], [-37.0728264, -10.8837221], [-37.072736, -10.8838593], [-37.0726796, -10.8839613], [-37.0726454, -10.8840423], [-37.072573, -10.88423], [-37.0724764, -10.8844704], [-37.072347, -10.8847357], [-37.0722699, -10.8848793], [-37.0722196, -10.8849662], [-37.0721371, -10.8850874], [-37.0720644, -10.8851568], [-37.0720151, -10.8851937], [-37.0719635, -10.8852316], [-37.071885, -10.8852796], [-37.071765, -10.8853415], [-37.0715316, -10.8854462], [-37.0711246, -10.8856174], [-37.070961, -10.8857142], [-37.0708591, -10.885786], [-37.0707069, -10.885898], [-37.0705587, -10.8860158], [-37.0704447, -10.8861113], [-37.0702804, -10.886239], [-37.0701174, -10.8863819], [-37.0700202, -10.8864741], [-37.0699699, -10.8865242], [-37.0699203, -10.8865867], [-37.0698854, -10.8866483], [-37.0698589, -10.886699], [-37.0698177, -10.8867922], [-37.0697372, -10.8869469], [-37.0696729, -10.8870832], [-37.0695669, -10.8873308], [-37.0695287, -10.8874434], [-37.0694885, -10.8876041], [-37.0694573, -10.8878056], [-37.0694358, -10.887877], [-37.0694171, -10.8879185], [-37.0693929, -10.8879649], [-37.0693611, -10.8880232], [-37.0692927, -10.8881269], [-37.0692156, -10.888229], [-37.0690586, -10.8883857], [-37.0689038, -10.8885194], [-37.0687746, -10.8885949], [-37.0686972, -10.8886405], [-37.0684759, -10.8887821], [-37.0682909, -10.8889072], [-37.0681494, -10.8890185], [-37.0679683, -10.8891851], [-37.0674346, -10.8896526], [-37.0668036, -10.8901564], [-37.0666226, -10.8903094], [-37.0661592, -10.8907009], [-37.0659145, -10.8908762], [-37.0656842, -10.8911358], [-37.0653686, -10.8917235], [-37.0651419, -10.8922398], [-37.0654618, -10.8925923], [-37.0659831, -10.8931626], [-37.0663208, -10.8935297], [-37.0664113, -10.8936351], [-37.0664266, -10.8936925], [-37.0666194, -10.8939058], [-37.0676006, -10.8949764], [-37.0676843, -10.8950607], [-37.0677298, -10.8951814], [-37.0677537, -10.8951146], [-37.0677856, -10.8950741], [-37.0688024, -10.8944885], [-37.0696176, -10.894057], [-37.0703347, -10.8936665], [-37.0707632, -10.8934218], [-37.0710595, -10.8932592], [-37.0713148, -10.8931179], [-37.0714105, -10.8931012], [-37.0714734, -10.8931077], [-37.071662, -10.8931764], [-37.071839, -10.8932403], [-37.0720138, -10.8932646], [-37.0722052, -10.8932782], [-37.0723754, -10.89326], [-37.0724554, -10.8932351], [-37.0726945, -10.8931297], [-37.0728875, -10.892996], [-37.0731914, -10.8927316], [-37.0734314, -10.8925067], [-37.0735802, -10.8923141], [-37.0736804, -10.8921379], [-37.0738142, -10.8919677], [-37.0739752, -10.8918005], [-37.0745496, -10.8913326], [-37.0748687, -10.8910955], [-37.075984, -10.8904315], [-37.0770958, -10.8898296], [-37.0777465, -10.8894911], [-37.0777114, -10.889451], [-37.0773829, -10.8890705], [-37.0773253, -10.8889919], [-37.0771026, -10.8887439], [-37.0770168, -10.8886247], [-37.0769618, -10.8885418], [-37.0768803, -10.8883859], [-37.0768042, -10.8882204], [-37.0767091, -10.8880059], [-37.0766915, -10.8879662], [-37.0763653, -10.8877125], [-37.0759962, -10.8874401], [-37.0758574, -10.8873025], [-37.0757561, -10.887205], [-37.0756643, -10.8871273], [-37.0754088, -10.8869311], [-37.0753884, -10.8869139], [-37.075091, -10.8866726], [-37.0750648, -10.8866401], [-37.0749079, -10.8864768], [-37.0748013, -10.8863675], [-37.0747268, -10.8862667], [-37.0746987, -10.8862107], [-37.0746806, -10.8861403], [-37.0746618, -10.8860402], [-37.0746578, -10.885921], [-37.0746551, -10.8858426], [-37.0746544, -10.8856905], [-37.0746531, -10.8850953], [-37.0746826, -10.8849109], [-37.074704, -10.884793], [-37.0747282, -10.8847199], [-37.0747697, -10.8846126], [-37.0748287, -10.8844776], [-37.0746879, -10.8843894], [-37.07447, -10.8842438], [-37.0739919, -10.8838915], [-37.0737559, -10.8837256], [-37.0733991, -10.8834688], [-37.0733254, -10.8834108], [-37.073198, -10.8833179]]]}}, {"type": "Feature", "properties": {"nome": "Cirurgia", "municipio": "Aracaju", "fonte": "OpenStreetMap (Overpass API)", "osm_type": "relation", "osm_id": 4023048}, "geometry": {"type": "Polygon", "coordinates": [[[-37.0597035, -10.9140779], [-37.0608557, -10.9140803], [-37.0618018, -10.9140767], [-37.0631129, -10.9140963], [-37.0641428, -10.9140713], [-37.0641534, -10.9140703], [-37.0642595, -10.9140612], [-37.0642684, -10.9140602], [-37.0649042, -10.9139939], [-37.0656866, -10.9139091], [-37.0661392, -10.9138692], [-37.0662964, -10.9138554], [-37.0665092, -10.9138366], [-37.0675559, -10.9137289], [-37.0676552, -10.9136864], [-37.0684429, -10.9160669], [-37.0684989, -10.9162361], [-37.0693865, -10.9186301], [-37.0693899, -10.9186391], [-37.0694108, -10.9186954], [-37.0694193, -10.9187317], [-37.0677691, -10.9187044], [-37.0661113, -10.9186755], [-37.0647279, -10.9186434], [-37.0642819, -10.918633], [-37.0630587, -10.9186183], [-37.0619495, -10.918594], [-37.060797, -10.9185821], [-37.0597045, -10.9185653], [-37.0585132, -10.9185486], [-37.0573838, -10.9185429], [-37.0574097, -10.9171683], [-37.0574092, -10.9162195], [-37.05741, -10.9161216], [-37.057405, -10.9160439], [-37.0574197, -10.9150732], [-37.0574201, -10.9150112], [-37.057421, -10.9149293], [-37.0574352, -10.9141099], [-37.0574365, -10.9140301], [-37.057526, -10.9140274], [-37.0585532, -10.9140388], [-37.0585605, -10.9141929], [-37.0586351, -10.9142715], [-37.0586782, -10.9143127], [-37.0587213, -10.9143406], [-37.0587613, -10.9143604], [-37.0588265, -10.9143898], [-37.0589201, -10.9144047], [-37.0596996, -10.9143962], [-37.0597035, -10.9140779]]]}}, {"type": "Feature", "properties": {"nome": "Coroa do Meio", "municipio": "Aracaju", "fonte": "OpenStreetMap (Overpass API)", "osm_type": "relation", "osm_id": 4023049}, "geometry": {"type": "Polygon", "coordinates": [[[-37.0480077, -10.9357073], [-37.0483697, -10.9370123], [-37.0493245, -10.9404797], [-37.0495758, -10.9414131], [-37.0499007, -10.9420931], [-37.0499722, -10.9423376], [-37.0501261, -10.9428444], [-37.0503563, -10.9437502], [-37.050392, -10.9441057], [-37.050579, -10.9460657], [-37.0508646, -10.9499543], [-37.0505614, -10.9515523], [-37.0507765, -10.9536327], [-37.0508713, -10.9545192], [-37.0510723, -10.9559667], [-37.0512916, -10.9573963], [-37.05137, -10.9580025], [-37.0513341, -10.9586164], [-37.0512813, -10.9587551], [-37.0514844, -10.9600822], [-37.0515808, -10.9607246], [-37.0517007, -10.9627808], [-37.0517673, -10.9636479], [-37.051803, -10.9641973], [-37.0518704, -10.9648187], [-37.0519134, -10.9651209], [-37.051975, -10.9656329], [-37.0520236, -10.9662237], [-37.0520751, -10.9667609], [-37.0520885, -10.966901], [-37.0522446, -10.9677196], [-37.0524162, -10.9681554], [-37.0525113, -10.9684986], [-37.0526486, -10.9690714], [-37.0528155, -10.9701809], [-37.0529431, -10.9710093], [-37.0529629, -10.9712317], [-37.0529825, -10.9714519], [-37.053004, -10.9722166], [-37.0528511, -10.9730363], [-37.0528108, -10.9738335], [-37.0528647, -10.9744259], [-37.0530471, -10.9755773], [-37.0531366, -10.9760374], [-37.0516251, -10.9777095], [-37.0512125, -10.9777708], [-37.0510469, -10.9777211], [-37.0505821, -10.9777673], [-37.0504482, -10.9777965], [-37.0499006, -10.9778939], [-37.0496718, -10.9779547], [-37.0492228, -10.9780825], [-37.0489636, -10.9781568], [-37.0488565, -10.9779109], [-37.0478379, -10.9782103], [-37.0478576, -10.9783391], [-37.0471412, -10.9785005], [-37.0471151, -10.9785474], [-37.0467883, -10.9786149], [-37.0463807, -10.9787001], [-37.0425072, -10.9795629], [-37.0422504, -10.979614], [-37.0422198, -10.9796253], [-37.0414985, -10.979358], [-37.0407059, -10.9794395], [-37.0397156, -10.9805512], [-37.036698, -10.9816729], [-37.0363312, -10.9812149], [-37.0355384, -10.9800877], [-37.0353692, -10.9798473], [-37.0349971, -10.9787096], [-37.0349106, -10.9784449], [-37.0344921, -10.9778364], [-37.0340487, -10.9764573], [-37.0339941, -10.9760713], [-37.0339892, -10.9760591], [-37.0339663, -10.9760024], [-37.0339128, -10.9753407], [-37.0339129, -10.9753269], [-37.0338654, -10.9743155], [-37.0336674, -10.972537], [-37.0336455, -10.9723407], [-37.0334708, -10.9712983], [-37.0336447, -10.9705836], [-37.0341733, -10.9694201], [-37.0342212, -10.9693354], [-37.0346595, -10.9685607], [-37.0355195, -10.9660179], [-37.0361833, -10.9626895], [-37.0358305, -10.9602123], [-37.0356382, -10.9596794], [-37.0350606, -10.9580787], [-37.0346202, -10.9572985], [-37.0348739, -10.957021], [-37.03753, -10.9517254], [-37.039032, -10.9452367], [-37.0391607, -10.9411812], [-37.0394818, -10.9387763], [-37.0397261, -10.9372214], [-37.0397768, -10.9368907], [-37.0480077, -10.9357073]]]}}, {"type": "Feature", "properties": {"nome": "18 do Forte", "municipio": "Aracaju", "fonte": "OpenStreetMap (Overpass API)", "osm_type": "relation", "osm_id": 4023050}, "geometry": {"type": "Polygon", "coordinates": [[[-37.0677298, -10.8951814], [-37.0677537, -10.8951146], [-37.0677856, -10.8950741], [-37.0688024, -10.8944885], [-37.0696176, -10.894057], [-37.0703347, -10.8936665], [-37.0707632, -10.8934218], [-37.0710595, -10.8932592], [-37.0713148, -10.8931179], [-37.0714105, -10.8931012], [-37.0714734, -10.8931077], [-37.071662, -10.8931764], [-37.071839, -10.8932403], [-37.0720138, -10.8932646], [-37.0722052, -10.8932782], [-37.0723754, -10.89326], [-37.0724554, -10.8932351], [-37.0726945, -10.8931297], [-37.0728875, -10.892996], [-37.0731914, -10.8927316], [-37.0734314, -10.8925067], [-37.0735802, -10.8923141], [-37.0736804, -10.8921379], [-37.0738142, -10.8919677], [-37.0739752, -10.8918005], [-37.0745496, -10.8913326], [-37.0748687, -10.8910955], [-37.075984, -10.8904315], [-37.0770958, -10.8898296], [-37.0771254, -10.8898897], [-37.0771774, -10.8899842], [-37.0772005, -10.8900344], [-37.0772072, -10.8900648], [-37.0772139, -10.8901287], [-37.0772528, -10.8907312], [-37.0773111, -10.8913851], [-37.0773869, -10.8920254], [-37.0775881, -10.8920152], [-37.0776303, -10.8923412], [-37.0776384, -10.8924399], [-37.0776377, -10.8925486], [-37.0776317, -10.892673], [-37.0776156, -10.8929114], [-37.0775693, -10.8932999], [-37.0775884, -10.8934148], [-37.0775968, -10.8934523], [-37.0776142, -10.8934984], [-37.077628, -10.893532], [-37.0776514, -10.8935695], [-37.0777537, -10.8937259], [-37.0778473, -10.8938656], [-37.0785597, -10.8950378], [-37.0793741, -10.8962936], [-37.0801531, -10.8975254], [-37.0802781, -10.8977167], [-37.0797707, -10.8980896], [-37.0794562, -10.898322], [-37.0790961, -10.8985946], [-37.0789842, -10.8986822], [-37.0789324, -10.8987216], [-37.0785557, -10.8990081], [-37.0777423, -10.8995994], [-37.0777075, -10.8996313], [-37.0776347, -10.8996893], [-37.0776165, -10.8997037], [-37.0775619, -10.8997472], [-37.0771884, -10.9000215], [-37.0771287, -10.9000735], [-37.0770691, -10.90014], [-37.0770483, -10.9001696], [-37.0769997, -10.9002671], [-37.076887, -10.9009766], [-37.0767648, -10.9016795], [-37.0767549, -10.9017363], [-37.0767459, -10.9018289], [-37.0766469, -10.9026062], [-37.0765401, -10.90343], [-37.0765286, -10.9035185], [-37.0765239, -10.9035567], [-37.0756489, -10.9034547], [-37.0749226, -10.9033712], [-37.0747027, -10.9033614], [-37.0742601, -10.903394], [-37.0734174, -10.9035156], [-37.0734246, -10.9035705], [-37.0735953, -10.9047788], [-37.0736046, -10.9048489], [-37.0725214, -10.9049941], [-37.0716255, -10.9051179], [-37.0704659, -10.9052746], [-37.0694264, -10.9054092], [-37.0692636, -10.9055198], [-37.0682226, -10.9056532], [-37.0671022, -10.9058122], [-37.0670149, -10.9057795], [-37.0654213, -10.9059607], [-37.0648586, -10.9060991], [-37.0648186, -10.9060913], [-37.0643724, -10.9061469], [-37.0636516, -10.9062415], [-37.0628665, -10.9063346], [-37.0628505, -10.906272], [-37.0628245, -10.9061865], [-37.0626582, -10.9056117], [-37.062506, -10.9050853], [-37.0624602, -10.9050046], [-37.0623212, -10.9044459], [-37.0623023, -10.9044427], [-37.0622878, -10.9044356], [-37.0622758, -10.9044248], [-37.0621493, -10.9042955], [-37.0619327, -10.9040519], [-37.0618604, -10.9039319], [-37.0618177, -10.9038263], [-37.061688, -10.9036663], [-37.0613217, -10.9030673], [-37.0613184, -10.9030056], [-37.0608437, -10.9030122], [-37.0608464, -10.9029687], [-37.0608403, -10.9019591], [-37.0608311, -10.9014625], [-37.0608125, -10.9009614], [-37.0608082, -10.9000411], [-37.060808, -10.8994232], [-37.0608207, -10.8991592], [-37.0608205, -10.8990327], [-37.0608204, -10.899004], [-37.0608265, -10.8989598], [-37.0608011, -10.8988956], [-37.0609279, -10.8988292], [-37.0617602, -10.898417], [-37.0619326, -10.8983432], [-37.0624025, -10.8981442], [-37.0624281, -10.8981359], [-37.0626079, -10.8981381], [-37.0626642, -10.8981514], [-37.0627332, -10.8981672], [-37.0628678, -10.8982365], [-37.0630617, -10.8983459], [-37.0634714, -10.8985491], [-37.0636587, -10.898642], [-37.0652305, -10.8987688], [-37.0660046, -10.8986038], [-37.0661994, -10.8984448], [-37.0665123, -10.8981893], [-37.0672658, -10.8975481], [-37.0674035, -10.8973538], [-37.0676663, -10.8967108], [-37.0677574, -10.8962655], [-37.0677608, -10.8960969], [-37.0677298, -10.8951814]]]}}, {"type": "Feature", "properties": {"nome": "Farolândia", "municipio": "Aracaju", "fonte": "OpenStreetMap (Overpass API)", "osm_type": "relation", "osm_id": 4023051}, "geometry": {"type": "Polygon", "coordinates": [[[-37.0517007, -10.9627808], [-37.0515808, -10.9607246], [-37.0514844, -10.9600822], [-37.0512813, -10.9587551], [-37.0537691, -10.958915], [-37.0551378, -10.9584447], [-37.0566548, -10.9570338], [-37.0573519, -10.9555321], [-37.057871, -10.953873], [-37.0588913, -10.9533134], [-37.0597707, -10.95345], [-37.0607979, -10.9539272], [-37.0612508, -10.9542417], [-37.061549, -10.9549357], [-37.0616153, -10.9561176], [-37.0613888, -10.9570052], [-37.0615485, -10.957348], [-37.0618804, -10.9576032], [-37.0624296, -10.9578102], [-37.0632721, -10.9576791], [-37.0651387, -10.9571803], [-37.0661769, -10.9568767], [-37.0678932, -10.9566606], [-37.0685669, -10.9568051], [-37.0689984, -10.9570248], [-37.0703183, -10.9576076], [-37.0712438, -10.9578644], [-37.0715757, -10.9583207], [-37.0720053, -10.9592101], [-37.0722708, -10.9595168], [-37.0727043, -10.9599194], [-37.0733252, -10.9602798], [-37.0734957, -10.9603579], [-37.0734602, -10.9610355], [-37.0735226, -10.961289], [-37.0736211, -10.961606], [-37.0737941, -10.9617337], [-37.0741133, -10.9618893], [-37.0744509, -10.9620271], [-37.0747611, -10.9621556], [-37.074963, -10.9624733], [-37.0749271, -10.96279], [-37.0746183, -10.9630134], [-37.0741039, -10.9633356], [-37.0739524, -10.9635201], [-37.073726, -10.9637852], [-37.0736236, -10.9640557], [-37.0736134, -10.9642093], [-37.0736031, -10.96439], [-37.0736023, -10.9645176], [-37.0736099, -10.9647607], [-37.0737115, -10.9651072], [-37.0738046, -10.9652557], [-37.0742681, -10.9655712], [-37.07453, -10.9657965], [-37.0748051, -10.9661558], [-37.0749999, -10.9662519], [-37.0752324, -10.9663537], [-37.075427, -10.9664393], [-37.0757004, -10.966461], [-37.0758389, -10.9664638], [-37.0760043, -10.966439], [-37.0761655, -10.9664414], [-37.0765472, -10.9665544], [-37.0766577, -10.9667608], [-37.0767792, -10.9671499], [-37.0768948, -10.9674994], [-37.0769374, -10.9678085], [-37.0769665, -10.9679597], [-37.0770466, -10.9680456], [-37.0772204, -10.9680467], [-37.0777055, -10.9679955], [-37.077962, -10.9679519], [-37.0785298, -10.9678561], [-37.0786815, -10.9678543], [-37.0787948, -10.967903], [-37.078899, -10.9680198], [-37.0789813, -10.9681689], [-37.0789777, -10.9682793], [-37.0789737, -10.9685116], [-37.0788394, -10.968798], [-37.0787079, -10.9690224], [-37.0786088, -10.9691579], [-37.0785632, -10.9694692], [-37.0785644, -10.9699353], [-37.0785312, -10.970264], [-37.0784391, -10.9704606], [-37.0783884, -10.9707115], [-37.0783987, -10.9707884], [-37.0785654, -10.9709295], [-37.0788586, -10.9709939], [-37.0790272, -10.9711025], [-37.0790626, -10.9712389], [-37.0791405, -10.9716268], [-37.0793321, -10.9717652], [-37.0795227, -10.971909], [-37.0797034, -10.972139], [-37.080083, -10.972672], [-37.0802188, -10.9728409], [-37.0774991, -10.9741943], [-37.0753866, -10.9752455], [-37.0724805, -10.9766723], [-37.072456, -10.9766855], [-37.069588, -10.9781023], [-37.0671313, -10.9793063], [-37.0657042, -10.9800047], [-37.0653275, -10.9801886], [-37.0636033, -10.9810496], [-37.063495, -10.9811043], [-37.0623571, -10.9816946], [-37.0615049, -10.9821139], [-37.0594615, -10.9829912], [-37.0589906, -10.9831856], [-37.0586764, -10.9832464], [-37.0582763, -10.983257], [-37.0564683, -10.9830316], [-37.0550528, -10.9828552], [-37.0522205, -10.9837922], [-37.0521981, -10.9810579], [-37.052812, -10.9784536], [-37.0528096, -10.9779727], [-37.0528573, -10.9774652], [-37.0529763, -10.9765284], [-37.0531366, -10.9760374], [-37.0530471, -10.9755773], [-37.0528647, -10.9744259], [-37.0528108, -10.9738335], [-37.0528511, -10.9730363], [-37.053004, -10.9722166], [-37.0529825, -10.9714519], [-37.0529629, -10.9712317], [-37.0529431, -10.9710093], [-37.0528155, -10.9701809], [-37.0526486, -10.9690714], [-37.0525113, -10.9684986], [-37.0524162, -10.9681554], [-37.0522446, -10.9677196], [-37.0520885, -10.966901], [-37.0520751, -10.9667609], [-37.0520236, -10.9662237], [-37.051975, -10.9656329], [-37.0519134, -10.9651209], [-37.0518704, -10.9648187], [-37.051803, -10.9641973], [-37.0517673, -10.9636479], [-37.0517007, -10.9627808]]]}}, {"type": "Feature", "properties": {"nome": "Getúlio Vargas", "municipio": "Aracaju", "fonte": "OpenStreetMap (Overpass API)", "osm_type": "relation", "osm_id": 4023052}, "geometry": {"type": "Polygon", "coordinates": [[[-37.0628665, -10.9063346], [-37.0626332, -10.9063684], [-37.0620018, -10.9064618], [-37.0617108, -10.9065546], [-37.0616779, -10.9065658], [-37.061347, -10.9066151], [-37.0608389, -10.9065209], [-37.0595709, -10.9064557], [-37.0587093, -10.9064145], [-37.0575319, -10.9063422], [-37.0575271, -10.9063869], [-37.0575247, -10.9064701], [-37.0575232, -10.9065248], [-37.0575196, -10.9066525], [-37.0575204, -10.906816], [-37.057506, -10.9079983], [-37.0575057, -10.9080662], [-37.0575045, -10.9083775], [-37.0574979, -10.9088262], [-37.0574847, -10.9093408], [-37.057474, -10.9097299], [-37.0574723, -10.9097869], [-37.057467, -10.9101621], [-37.0574587, -10.9104478], [-37.0574564, -10.9105257], [-37.0574563, -10.9105791], [-37.0574552, -10.9109982], [-37.0574608, -10.9114765], [-37.0574606, -10.9115509], [-37.0574407, -10.9127215], [-37.0574407, -10.9128009], [-37.0574367, -10.9139525], [-37.0574365, -10.9140301], [-37.057526, -10.9140274], [-37.0585532, -10.9140388], [-37.0585605, -10.9141929], [-37.0586351, -10.9142715], [-37.0586782, -10.9143127], [-37.0587213, -10.9143406], [-37.0587613, -10.9143604], [-37.0588265, -10.9143898], [-37.0589201, -10.9144047], [-37.0596996, -10.9143962], [-37.0597035, -10.9140779], [-37.0608557, -10.9140803], [-37.0618018, -10.9140767], [-37.0631129, -10.9140963], [-37.0641428, -10.9140713], [-37.0641534, -10.9140703], [-37.0642595, -10.9140612], [-37.0642684, -10.9140602], [-37.0649042, -10.9139939], [-37.0656866, -10.9139091], [-37.0661392, -10.9138692], [-37.0662964, -10.9138554], [-37.0665092, -10.9138366], [-37.0675559, -10.9137289], [-37.0676552, -10.9136864], [-37.0673436, -10.9126424], [-37.0673238, -10.9125701], [-37.0670564, -10.911591], [-37.067024, -10.9114726], [-37.0670069, -10.9114162], [-37.066736, -10.9104898], [-37.066703, -10.9103854], [-37.066449, -10.9092739], [-37.0661829, -10.9081277], [-37.0657688, -10.9066913], [-37.0654213, -10.9059607], [-37.0648586, -10.9060991], [-37.0648186, -10.9060913], [-37.0643724, -10.9061469], [-37.0636516, -10.9062415], [-37.0628665, -10.9063346]]]}}, {"type": "Feature", "properties": {"nome": "Grageru", "municipio": "Aracaju", "fonte": "OpenStreetMap (Overpass API)", "osm_type": "relation", "osm_id": 4023053}, "geometry": {"type": "Polygon", "coordinates": [[[-37.0647479, -10.9402194], [-37.0643455, -10.9398507], [-37.0640769, -10.9395833], [-37.0637315, -10.9391188], [-37.0634431, -10.9385456], [-37.0634127, -10.9384564], [-37.0631469, -10.9376759], [-37.0630822, -10.9374012], [-37.063006, -10.9371075], [-37.0630034, -10.937083], [-37.0629419, -10.9368521], [-37.0628467, -10.9357765], [-37.0628365, -10.9356459], [-37.0628091, -10.9350706], [-37.0627294, -10.9348686], [-37.0625212, -10.9343987], [-37.0623101, -10.9341272], [-37.0622195, -10.9339911], [-37.062072, -10.9337684], [-37.0618684, -10.9331757], [-37.0617227, -10.9327375], [-37.0615787, -10.9323542], [-37.061412, -10.9317362], [-37.0611187, -10.9308234], [-37.0609412, -10.9304625], [-37.0604064, -10.9306965], [-37.0595236, -10.931245], [-37.0584899, -10.9319785], [-37.0573916, -10.9324917], [-37.0567058, -10.9327401], [-37.0554955, -10.9332983], [-37.0541964, -10.9338844], [-37.0544833, -10.9346372], [-37.0545329, -10.934727], [-37.054849, -10.9364673], [-37.0550517, -10.9375448], [-37.0551008, -10.9377146], [-37.0551779, -10.9378027], [-37.055206, -10.9378492], [-37.0553904, -10.9381744], [-37.0555531, -10.9383798], [-37.0557403, -10.938572], [-37.0561738, -10.9389246], [-37.05662, -10.9391296], [-37.0582377, -10.9400852], [-37.0583531, -10.9401623], [-37.0584592, -10.9402219], [-37.0585643, -10.9402971], [-37.0586295, -10.9403467], [-37.0589942, -10.9406046], [-37.0596317, -10.941243], [-37.0602738, -10.9418973], [-37.0608452, -10.9425112], [-37.0612027, -10.9428766], [-37.0614431, -10.943148], [-37.0616682, -10.9435924], [-37.0618031, -10.9440172], [-37.0618486, -10.9441697], [-37.0618867, -10.9442976], [-37.0619701, -10.9445776], [-37.06205, -10.9447891], [-37.0621248, -10.9449308], [-37.0627439, -10.9459037], [-37.0628508, -10.9462], [-37.0630105, -10.9466842], [-37.0630374, -10.946757], [-37.0631462, -10.9470507], [-37.0632648, -10.9472015], [-37.0633826, -10.9473266], [-37.064449, -10.9484627], [-37.0648252, -10.9488725], [-37.0654598, -10.9495436], [-37.0655715, -10.9496608], [-37.0660608, -10.9501741], [-37.0667857, -10.9509754], [-37.0678446, -10.9508034], [-37.0671519, -10.9497122], [-37.0669676, -10.9492241], [-37.0667813, -10.9487451], [-37.0667265, -10.9486442], [-37.0666262, -10.9485212], [-37.0653678, -10.946979], [-37.0650653, -10.946641], [-37.0647226, -10.9461905], [-37.0646516, -10.9461117], [-37.0650224, -10.9457804], [-37.0657948, -10.9454727], [-37.0662309, -10.9453221], [-37.0666748, -10.9451508], [-37.0675342, -10.9448367], [-37.0683065, -10.9444226], [-37.0684343, -10.9444501], [-37.0685226, -10.94443], [-37.0690737, -10.9442279], [-37.0692887, -10.9441505], [-37.0679297, -10.9429826], [-37.0669189, -10.9420936], [-37.0662828, -10.9415472], [-37.0657955, -10.9411277], [-37.0656867, -10.9410276], [-37.0647479, -10.9402194]]]}}, {"type": "Feature", "properties": {"nome": "Industrial", "municipio": "Aracaju", "fonte": "OpenStreetMap (Overpass API)", "osm_type": "relation", "osm_id": 4023054}, "geometry": {"type": "Polygon", "coordinates": [[[-37.0580723, -10.8955361], [-37.0580502, -10.8956612], [-37.0580157, -10.8958143], [-37.0579918, -10.895886], [-37.0579429, -10.8960266], [-37.0578202, -10.8962946], [-37.057737, -10.8964902], [-37.0577069, -10.8965745], [-37.057666, -10.8967075], [-37.0576224, -10.8968714], [-37.0576137, -10.896907], [-37.0575886, -10.8969919], [-37.0582828, -10.8977558], [-37.0583596, -10.8978403], [-37.0583943, -10.8978826], [-37.0577264, -10.8987252], [-37.05738, -10.8991897], [-37.0561207, -10.9010391], [-37.0546129, -10.9030872], [-37.0531317, -10.9051768], [-37.0525754, -10.9059822], [-37.0525084, -10.9059791], [-37.0524204, -10.9059635], [-37.0523818, -10.9059561], [-37.0519913, -10.905905], [-37.0512171, -10.9058112], [-37.0506296, -10.9057483], [-37.0504519, -10.905725], [-37.0504148, -10.9057205], [-37.0504067, -10.9042883], [-37.0503708, -10.9042888], [-37.0495432, -10.9042566], [-37.0491466, -10.9042381], [-37.0482608, -10.9041974], [-37.0434141, -10.9038839], [-37.0435527, -10.9018777], [-37.044, -10.894], [-37.0435378, -10.8897766], [-37.0418516, -10.8872919], [-37.0398173, -10.8840954], [-37.0482003, -10.8821442], [-37.0483875, -10.8823224], [-37.0486095, -10.8827603], [-37.0488047, -10.8831547], [-37.0489722, -10.8834675], [-37.0490145, -10.8835465], [-37.0492069, -10.8838929], [-37.0493987, -10.8842754], [-37.0498931, -10.8851966], [-37.0499301, -10.8852655], [-37.0499653, -10.885331], [-37.0501712, -10.8856905], [-37.0503643, -10.8860619], [-37.0504948, -10.8862996], [-37.0507753, -10.8868254], [-37.0508176, -10.8869048], [-37.0511106, -10.8874362], [-37.0512173, -10.8876403], [-37.0512769, -10.8877746], [-37.0513809, -10.8880275], [-37.0514821, -10.8883416], [-37.0515606, -10.8886682], [-37.051692, -10.8891765], [-37.0518704, -10.8897494], [-37.0519918, -10.8902828], [-37.0520072, -10.8904053], [-37.0526885, -10.8903328], [-37.0529271, -10.8903038], [-37.0532403, -10.8902933], [-37.0534582, -10.8903012], [-37.0537231, -10.8903091], [-37.0539361, -10.8903065], [-37.0543199, -10.8903235], [-37.0556198, -10.8903624], [-37.0556738, -10.8903661], [-37.0563748, -10.8903305], [-37.0573905, -10.8902465], [-37.057473, -10.8902195], [-37.0577065, -10.8902258], [-37.0578879, -10.8902298], [-37.0581494, -10.8902505], [-37.0586309, -10.8903131], [-37.0588987, -10.8903551], [-37.0587771, -10.8911842], [-37.058713, -10.8913195], [-37.058655, -10.8914262], [-37.0585782, -10.8915418], [-37.0585159, -10.8916185], [-37.0583774, -10.8917788], [-37.0581594, -10.8919553], [-37.0581015, -10.8919989], [-37.0581095, -10.8920451], [-37.0581514, -10.8923352], [-37.0581742, -10.8924518], [-37.058183, -10.8926138], [-37.0581883, -10.8927949], [-37.0580904, -10.8932242], [-37.0579999, -10.8935231], [-37.0578805, -10.8938556], [-37.0578101, -10.8940341], [-37.0576881, -10.8942757], [-37.0576365, -10.8943857], [-37.0575915, -10.8945214], [-37.057558, -10.8946267], [-37.0575276, -10.8947651], [-37.0574671, -10.895035], [-37.0574467, -10.8951433], [-37.0575453, -10.8952414], [-37.0575533, -10.8952483], [-37.057607, -10.8952924], [-37.0576173, -10.895301], [-37.0580723, -10.8955361]]]}}, {"type": "Feature", "properties": {"nome": "Inácio Barbosa", "municipio": "Aracaju", "fonte": "OpenStreetMap (Overpass API)", "osm_type": "relation", "osm_id": 4023055}, "geometry": {"type": "Polygon", "coordinates": [[[-37.0512813, -10.9587551], [-37.0513341, -10.9586164], [-37.05137, -10.9580025], [-37.0512916, -10.9573963], [-37.0510723, -10.9559667], [-37.0510998, -10.9559579], [-37.0524887, -10.9554383], [-37.053004, -10.9552455], [-37.053386, -10.9551026], [-37.0536553, -10.9548848], [-37.0536793, -10.9548692], [-37.0546203, -10.9542604], [-37.0550914, -10.9539322], [-37.0553291, -10.9537562], [-37.0555055, -10.9536313], [-37.055778, -10.9534498], [-37.0561588, -10.9532553], [-37.0564226, -10.9531332], [-37.0568448, -10.9529592], [-37.0573235, -10.9527964], [-37.0578406, -10.952648], [-37.0590429, -10.9524181], [-37.0616366, -10.9519403], [-37.0624127, -10.9517968], [-37.0635896, -10.9515792], [-37.0643195, -10.9514348], [-37.0651388, -10.9512934], [-37.0664255, -10.9510616], [-37.0667857, -10.9509754], [-37.0678446, -10.9508034], [-37.0671519, -10.9497122], [-37.0669676, -10.9492241], [-37.0667813, -10.9487451], [-37.0667265, -10.9486442], [-37.0666262, -10.9485212], [-37.0653678, -10.946979], [-37.0650653, -10.946641], [-37.0647226, -10.9461905], [-37.0646516, -10.9461117], [-37.0650224, -10.9457804], [-37.0657948, -10.9454727], [-37.0662309, -10.9453221], [-37.0666748, -10.9451508], [-37.0675342, -10.9448367], [-37.0683065, -10.9444226], [-37.0684343, -10.9444501], [-37.0685226, -10.94443], [-37.0690737, -10.9442279], [-37.0692887, -10.9441505], [-37.0694622, -10.9442974], [-37.0710629, -10.9437229], [-37.0716737, -10.9435186], [-37.0717457, -10.9434945], [-37.0724014, -10.9441614], [-37.0733435, -10.9450233], [-37.0740415, -10.9456423], [-37.0743628, -10.9459726], [-37.0755832, -10.9447871], [-37.0762565, -10.9440878], [-37.0770061, -10.9433317], [-37.0770426, -10.9432921], [-37.0773487, -10.9429598], [-37.0774625, -10.9428362], [-37.0774944, -10.9430198], [-37.0777907, -10.9434196], [-37.0778497, -10.9435066], [-37.0779028, -10.9435709], [-37.0782154, -10.9439928], [-37.0784845, -10.9443861], [-37.0788386, -10.9448812], [-37.0798659, -10.9465164], [-37.0811767, -10.9491547], [-37.0813615, -10.9504513], [-37.0818526, -10.9515669], [-37.0821147, -10.9528375], [-37.0820136, -10.9545753], [-37.0829662, -10.9552406], [-37.083669, -10.9552782], [-37.08438, -10.9553433], [-37.0846631, -10.9552915], [-37.0848724, -10.9552724], [-37.0852322, -10.9554958], [-37.0853867, -10.9556449], [-37.0854331, -10.9558232], [-37.085324, -10.9562372], [-37.0850792, -10.9570202], [-37.0848279, -10.9576188], [-37.0845819, -10.9581018], [-37.0839455, -10.9583328], [-37.0824535, -10.9588001], [-37.0805069, -10.9590783], [-37.0797314, -10.9592674], [-37.0774254, -10.9597999], [-37.0767355, -10.9599416], [-37.074928, -10.9603249], [-37.0741673, -10.960444], [-37.0734957, -10.9603579], [-37.0733252, -10.9602798], [-37.0727043, -10.9599194], [-37.0722708, -10.9595168], [-37.0720053, -10.9592101], [-37.0715757, -10.9583207], [-37.0712438, -10.9578644], [-37.0703183, -10.9576076], [-37.0689984, -10.9570248], [-37.0685669, -10.9568051], [-37.0678932, -10.9566606], [-37.0661769, -10.9568767], [-37.0651387, -10.9571803], [-37.0632721, -10.9576791], [-37.0624296, -10.9578102], [-37.0618804, -10.9576032], [-37.0615485, -10.957348], [-37.0613888, -10.9570052], [-37.0616153, -10.9561176], [-37.061549, -10.9549357], [-37.0612508, -10.9542417], [-37.0607979, -10.9539272], [-37.0597707, -10.95345], [-37.0588913, -10.9533134], [-37.057871, -10.953873], [-37.0573519, -10.9555321], [-37.0566548, -10.9570338], [-37.0551378, -10.9584447], [-37.0537691, -10.958915], [-37.0512813, -10.9587551]]]}}, {"type": "Feature", "properties": {"nome": "Jabotiana", "municipio": "Aracaju", "fonte": "OpenStreetMap (Overpass API)", "osm_type": "relation", "osm_id": 4023056}, "geometry": {"type": "Polygon", "coordinates": [[[-37.097233, -10.9224759], [-37.098687, -10.9219959], [-37.10011, -10.9214353], [-37.1000774, -10.9215083], [-37.0997513, -10.9222316], [-37.0985079, -10.9250171], [-37.0974965, -10.9272706], [-37.0972265, -10.9278763], [-37.0964412, -10.929637], [-37.0964244, -10.9296748], [-37.0962624, -10.9300381], [-37.0944409, -10.9341488], [-37.0944265, -10.9341814], [-37.0938856, -10.9354021], [-37.0938488, -10.9354853], [-37.0938439, -10.9354962], [-37.0936637, -10.935903], [-37.0934225, -10.9364474], [-37.0921331, -10.9392506], [-37.0915761, -10.9405307], [-37.0913911, -10.9409601], [-37.0913867, -10.9412724], [-37.0914324, -10.9413611], [-37.0919017, -10.9427], [-37.0921962, -10.9434183], [-37.0926778, -10.9446282], [-37.0937498, -10.9473793], [-37.0991577, -10.9608354], [-37.0996258, -10.9620377], [-37.0996308, -10.9620508], [-37.0996591, -10.9621235], [-37.0999408, -10.962847], [-37.101246, -10.9661727], [-37.1025603, -10.9695164], [-37.1026546, -10.9697537], [-37.1026596, -10.9697661], [-37.1027044, -10.9698789], [-37.1026855, -10.9698724], [-37.1024817, -10.9698039], [-37.1010273, -10.9694205], [-37.100394, -10.9692609], [-37.1001643, -10.969193], [-37.0999336, -10.9691088], [-37.0996707, -10.968935], [-37.0975244, -10.9669593], [-37.0971548, -10.9667441], [-37.0969349, -10.9666335], [-37.0967149, -10.9665493], [-37.0948159, -10.966049], [-37.0946711, -10.9659963], [-37.0945477, -10.9659331], [-37.0944243, -10.9658383], [-37.0943063, -10.9657224], [-37.093926, -10.9652978], [-37.093862, -10.9652263], [-37.0937483, -10.9650994], [-37.0916134, -10.9627153], [-37.0913827, -10.9623835], [-37.0906478, -10.961109], [-37.0905673, -10.9609194], [-37.0901407, -10.9591626], [-37.0899719, -10.9584915], [-37.0898163, -10.958107], [-37.0896285, -10.9578226], [-37.0894515, -10.9576278], [-37.089312, -10.9575014], [-37.0891082, -10.9573802], [-37.0889634, -10.9573223], [-37.0887649, -10.9572486], [-37.086574, -10.956628], [-37.085793, -10.9563901], [-37.085324, -10.9562372], [-37.0854331, -10.9558232], [-37.0853867, -10.9556449], [-37.0852322, -10.9554958], [-37.0848724, -10.9552724], [-37.0846631, -10.9552915], [-37.08438, -10.9553433], [-37.083669, -10.9552782], [-37.0829662, -10.9552406], [-37.0820136, -10.9545753], [-37.0821147, -10.9528375], [-37.0818526, -10.9515669], [-37.0813615, -10.9504513], [-37.0811767, -10.9491547], [-37.0798659, -10.9465164], [-37.0788386, -10.9448812], [-37.0784845, -10.9443861], [-37.0782154, -10.9439928], [-37.0779028, -10.9435709], [-37.0778497, -10.9435066], [-37.0777907, -10.9434196], [-37.0774944, -10.9430198], [-37.0774625, -10.9428362], [-37.0774629, -10.942836], [-37.0781056, -10.9421769], [-37.0790291, -10.9412309], [-37.0814473, -10.9387852], [-37.0819221, -10.9382558], [-37.0821386, -10.9379397], [-37.0823604, -10.9376297], [-37.0825495, -10.9372792], [-37.0828724, -10.9364675], [-37.0830216, -10.9358147], [-37.0830649, -10.9355023], [-37.0830834, -10.9353687], [-37.083097, -10.934974], [-37.0830987, -10.9349239], [-37.0830441, -10.9341439], [-37.0828608, -10.933336], [-37.0825554, -10.932565], [-37.0819824, -10.9310499], [-37.0815732, -10.9299918], [-37.0812138, -10.9290684], [-37.0812038, -10.9290466], [-37.0811942, -10.9290239], [-37.0811817, -10.9289943], [-37.080725, -10.9278245], [-37.0806637, -10.9275923], [-37.0805393, -10.9271082], [-37.0804961, -10.9268393], [-37.0804396, -10.9265677], [-37.0804331, -10.92592], [-37.0804642, -10.9252237], [-37.0804683, -10.9251572], [-37.080644, -10.9243743], [-37.080743, -10.9240775], [-37.0807827, -10.9239829], [-37.0808957, -10.9237132], [-37.0809657, -10.9235866], [-37.0810439, -10.9234423], [-37.0811429, -10.9232598], [-37.0816291, -10.9225328], [-37.0829863, -10.9210132], [-37.0836653, -10.9202962], [-37.0845795, -10.9192882], [-37.0847109, -10.9191486], [-37.0847904, -10.9190617], [-37.08484, -10.9190079], [-37.0849668, -10.919026], [-37.0850374, -10.9190442], [-37.085189, -10.9190852], [-37.0853918, -10.919157], [-37.0855799, -10.9192152], [-37.085876, -10.9193338], [-37.0874295, -10.9198852], [-37.0887575, -10.920384], [-37.0889588, -10.9204596], [-37.0900642, -10.9208744], [-37.0910874, -10.9212634], [-37.09234, -10.9217348], [-37.0934588, -10.9221563], [-37.0946543, -10.9226052], [-37.095091, -10.9227491], [-37.0954238, -10.9228049], [-37.0956244, -10.9228232], [-37.095907, -10.9228232], [-37.0961121, -10.9228004], [-37.0963309, -10.9227685], [-37.0966455, -10.9226773], [-37.097233, -10.9224759]]]}}, {"type": "Feature", "properties": {"nome": "Japãozinho", "municipio": "Aracaju", "fonte": "OpenStreetMap (Overpass API)", "osm_type": "relation", "osm_id": 4023057}, "geometry": {"type": "Polygon", "coordinates": [[[-37.0728835, -10.881575], [-37.0727701, -10.881602], [-37.0728023, -10.8820596], [-37.0728199, -10.8822563], [-37.0728332, -10.8823494], [-37.0729051, -10.8826159], [-37.07295, -10.8827509], [-37.0730303, -10.8829367], [-37.073198, -10.8833179], [-37.0730323, -10.8834853], [-37.0729626, -10.8835518], [-37.0728761, -10.8836426], [-37.0728264, -10.8837221], [-37.072736, -10.8838593], [-37.0726796, -10.8839613], [-37.0726454, -10.8840423], [-37.072573, -10.88423], [-37.0724764, -10.8844704], [-37.072347, -10.8847357], [-37.0722699, -10.8848793], [-37.0722196, -10.8849662], [-37.0721371, -10.8850874], [-37.0720644, -10.8851568], [-37.0720151, -10.8851937], [-37.0719635, -10.8852316], [-37.071885, -10.8852796], [-37.071765, -10.8853415], [-37.0715316, -10.8854462], [-37.0711246, -10.8856174], [-37.070961, -10.8857142], [-37.0708591, -10.885786], [-37.0707069, -10.885898], [-37.0705587, -10.8860158], [-37.0704447, -10.8861113], [-37.0702804, -10.886239], [-37.0701174, -10.8863819], [-37.0700202, -10.8864741], [-37.0699699, -10.8865242], [-37.0699203, -10.8865867], [-37.0698854, -10.8866483], [-37.0698589, -10.886699], [-37.0698177, -10.8867922], [-37.0697372, -10.8869469], [-37.0696729, -10.8870832], [-37.0695669, -10.8873308], [-37.0695287, -10.8874434], [-37.0694885, -10.8876041], [-37.0694573, -10.8878056], [-37.0694358, -10.887877], [-37.0694171, -10.8879185], [-37.0693929, -10.8879649], [-37.0693611, -10.8880232], [-37.0692927, -10.8881269], [-37.0692156, -10.888229], [-37.0690586, -10.8883857], [-37.0689038, -10.8885194], [-37.0687746, -10.8885949], [-37.0686972, -10.8886405], [-37.0684759, -10.8887821], [-37.0682909, -10.8889072], [-37.0681494, -10.8890185], [-37.0679683, -10.8891851], [-37.0674346, -10.8896526], [-37.0668036, -10.8901564], [-37.0661505, -10.8894597], [-37.0659149, -10.8891832], [-37.0659037, -10.8891701], [-37.0654973, -10.8886932], [-37.0652021, -10.8878531], [-37.0650078, -10.8873848], [-37.0649126, -10.8871873], [-37.0648301, -10.8870589], [-37.0647896, -10.8870072], [-37.0647617, -10.8869858], [-37.0647017, -10.8869552], [-37.0645431, -10.8869021], [-37.0643148, -10.8868362], [-37.0642877, -10.8868284], [-37.0632731, -10.8865031], [-37.0637713, -10.8861686], [-37.0639048, -10.8860738], [-37.0639695, -10.886031], [-37.0640174, -10.8859911], [-37.0640603, -10.8859434], [-37.0643869, -10.8852915], [-37.0644687, -10.885086], [-37.0645492, -10.8848635], [-37.0646169, -10.8846027], [-37.0646699, -10.8843564], [-37.0647222, -10.8841971], [-37.0647919, -10.8840871], [-37.0649274, -10.8839508], [-37.065201, -10.8836808], [-37.0655342, -10.8834075], [-37.0654698, -10.8833249], [-37.0654444, -10.8832933], [-37.0654209, -10.8832548], [-37.0654001, -10.8832212], [-37.0653645, -10.8829706], [-37.0649759, -10.8803625], [-37.0653403, -10.8750363], [-37.0654596, -10.8752611], [-37.0660781, -10.8763507], [-37.0668894, -10.8768127], [-37.0676855, -10.8767797], [-37.0687734, -10.8762315], [-37.0725026, -10.8783477], [-37.0724718, -10.8788442], [-37.0724687, -10.8790299], [-37.0724674, -10.8790845], [-37.0724751, -10.8791642], [-37.0724872, -10.8792281], [-37.0725194, -10.8793637], [-37.0725288, -10.8796076], [-37.0725261, -10.8797164], [-37.0725207, -10.8801348], [-37.0725401, -10.880232], [-37.0726005, -10.8803506], [-37.0726441, -10.8805062], [-37.0727004, -10.8806142], [-37.0727484, -10.8807094], [-37.0727722, -10.8807686], [-37.0727913, -10.8808246], [-37.0728094, -10.8809003], [-37.0728235, -10.8809849], [-37.0728479, -10.8811483], [-37.0728835, -10.881575]]]}}, {"type": "Feature", "properties": {"nome": "Jardim Centenário", "municipio": "Aracaju", "fonte": "OpenStreetMap (Overpass API)", "osm_type": "relation", "osm_id": 4023058}, "geometry": {"type": "Polygon", "coordinates": [[[-37.1028316, -10.8963124], [-37.1027811, -10.896172], [-37.1019456, -10.8947147], [-37.1018887, -10.8944802], [-37.1018859, -10.894406], [-37.1018837, -10.8943315], [-37.1018778, -10.894123], [-37.1018882, -10.8938701], [-37.1018748, -10.8933565], [-37.1018839, -10.8931644], [-37.1019034, -10.8930109], [-37.102144, -10.892552], [-37.1023281, -10.892345], [-37.10253, -10.892166], [-37.102641, -10.892103], [-37.1026864, -10.8920942], [-37.1027686, -10.8921127], [-37.1029055, -10.8921678], [-37.1030427, -10.8921416], [-37.1031713, -10.8920971], [-37.1034134, -10.8920082], [-37.1037852, -10.891875], [-37.1039504, -10.8918037], [-37.1040973, -10.8917051], [-37.1042613, -10.8915714], [-37.1043899, -10.8911885], [-37.1040833, -10.8911793], [-37.1040477, -10.8911781], [-37.1040164, -10.8911765], [-37.1038029, -10.8911581], [-37.1037966, -10.8911611], [-37.1037896, -10.8911628], [-37.1033862, -10.8912204], [-37.1032231, -10.8912996], [-37.1031529, -10.8913258], [-37.1030727, -10.8913465], [-37.1029943, -10.8913627], [-37.1026339, -10.8914285], [-37.1024542, -10.89147], [-37.101596, -10.8914403], [-37.1012663, -10.8916698], [-37.1008549, -10.89195], [-37.1006912, -10.8920688], [-37.1004953, -10.8921928], [-37.1001337, -10.8924534], [-37.0998511, -10.8926431], [-37.0997175, -10.8927374], [-37.0993301, -10.8930194], [-37.0991622, -10.8931378], [-37.0989542, -10.8932739], [-37.0987369, -10.8934211], [-37.0986317, -10.8934853], [-37.0981495, -10.8936862], [-37.0978568, -10.8937561], [-37.093706, -10.8945687], [-37.0923247, -10.8948411], [-37.0922042, -10.8948638], [-37.0917734, -10.8949554], [-37.0916765, -10.8949796], [-37.0914976, -10.8950315], [-37.0913719, -10.8950703], [-37.0903812, -10.8953914], [-37.0894658, -10.8957362], [-37.0896377, -10.8960266], [-37.0897176, -10.8964067], [-37.0897169, -10.8965152], [-37.0897156, -10.8967231], [-37.0897468, -10.8972285], [-37.0897393, -10.8973164], [-37.089719, -10.8975539], [-37.0897126, -10.8978538], [-37.0895698, -10.8983871], [-37.0894758, -10.8988079], [-37.089474, -10.8992198], [-37.089434, -10.8994518], [-37.0895419, -10.8998896], [-37.089613, -10.9000512], [-37.0896471, -10.9002932], [-37.0897101, -10.9004473], [-37.0898735, -10.9006382], [-37.0899827, -10.9007202], [-37.0900825, -10.9008564], [-37.0901259, -10.9010295], [-37.0902741, -10.9012126], [-37.0905711, -10.9013052], [-37.0908325, -10.9013083], [-37.0909084, -10.9014222], [-37.0910148, -10.9015028], [-37.0911569, -10.9016043], [-37.0913611, -10.9016449], [-37.0915026, -10.901673], [-37.0916202, -10.9016484], [-37.0917144, -10.9016801], [-37.0918414, -10.9017155], [-37.0919521, -10.9016907], [-37.0920906, -10.901635], [-37.092162, -10.9016335], [-37.0922819, -10.9016114], [-37.0923636, -10.9017023], [-37.0925096, -10.9019836], [-37.0925993, -10.9019377], [-37.0931241, -10.9016481], [-37.0934022, -10.9015248], [-37.0942292, -10.9010236], [-37.0961604, -10.8999556], [-37.0976025, -10.8991421], [-37.0976647, -10.8991112], [-37.0978037, -10.899042], [-37.0979526, -10.8989678], [-37.098929, -10.898453], [-37.0993468, -10.8982327], [-37.0995059, -10.8981472], [-37.099552, -10.8981229], [-37.1004854, -10.8975918], [-37.101388, -10.8970861], [-37.1021658, -10.8966897], [-37.1027973, -10.8963358], [-37.1028316, -10.8963124]]]}}, {"type": "Feature", "properties": {"nome": "Jardins", "municipio": "Aracaju", "fonte": "OpenStreetMap (Overpass API)", "osm_type": "relation", "osm_id": 4023059}, "geometry": {"type": "Polygon", "coordinates": [[[-37.0510723, -10.9559667], [-37.0510998, -10.9559579], [-37.0524887, -10.9554383], [-37.053004, -10.9552455], [-37.053386, -10.9551026], [-37.0536553, -10.9548848], [-37.0536793, -10.9548692], [-37.0546203, -10.9542604], [-37.0550914, -10.9539322], [-37.0553291, -10.9537562], [-37.0555055, -10.9536313], [-37.055778, -10.9534498], [-37.0561588, -10.9532553], [-37.0564226, -10.9531332], [-37.0568448, -10.9529592], [-37.0573235, -10.9527964], [-37.0578406, -10.952648], [-37.0590429, -10.9524181], [-37.0616366, -10.9519403], [-37.0624127, -10.9517968], [-37.0635896, -10.9515792], [-37.0643195, -10.9514348], [-37.0651388, -10.9512934], [-37.0664255, -10.9510616], [-37.0667857, -10.9509754], [-37.0660608, -10.9501741], [-37.0655715, -10.9496608], [-37.0654598, -10.9495436], [-37.0648252, -10.9488725], [-37.064449, -10.9484627], [-37.0633826, -10.9473266], [-37.0632648, -10.9472015], [-37.0631462, -10.9470507], [-37.0630374, -10.946757], [-37.0630105, -10.9466842], [-37.0628508, -10.9462], [-37.0627439, -10.9459037], [-37.0621248, -10.9449308], [-37.06205, -10.9447891], [-37.0619701, -10.9445776], [-37.0618867, -10.9442976], [-37.0618486, -10.9441697], [-37.0618031, -10.9440172], [-37.0616682, -10.9435924], [-37.0614431, -10.943148], [-37.0612027, -10.9428766], [-37.0608452, -10.9425112], [-37.0602738, -10.9418973], [-37.0596317, -10.941243], [-37.0589942, -10.9406046], [-37.0586295, -10.9403467], [-37.0585643, -10.9402971], [-37.0584592, -10.9402219], [-37.0583531, -10.9401623], [-37.0582377, -10.9400852], [-37.05662, -10.9391296], [-37.0561738, -10.9389246], [-37.0557403, -10.938572], [-37.0555531, -10.9383798], [-37.0553904, -10.9381744], [-37.055206, -10.9378492], [-37.0551779, -10.9378027], [-37.0551008, -10.9377146], [-37.0550517, -10.9375448], [-37.054849, -10.9364673], [-37.0545329, -10.934727], [-37.0544833, -10.9346372], [-37.0541964, -10.9338844], [-37.0517583, -10.9350007], [-37.0511638, -10.9352725], [-37.0506463, -10.9354934], [-37.0503926, -10.9355597], [-37.0480077, -10.9357073], [-37.0483697, -10.9370123], [-37.0493245, -10.9404797], [-37.0495758, -10.9414131], [-37.0499007, -10.9420931], [-37.0499722, -10.9423376], [-37.0501261, -10.9428444], [-37.0503563, -10.9437502], [-37.050392, -10.9441057], [-37.050579, -10.9460657], [-37.0508646, -10.9499543], [-37.0505614, -10.9515523], [-37.0507765, -10.9536327], [-37.0508713, -10.9545192], [-37.0510723, -10.9559667]]]}}, {"type": "Feature", "properties": {"nome": "José Conrado de Araújo", "municipio": "Aracaju", "fonte": "OpenStreetMap (Overpass API)", "osm_type": "relation", "osm_id": 4023060}, "geometry": {"type": "Polygon", "coordinates": [[[-37.0751152, -10.9101315], [-37.0752943, -10.9099856], [-37.0754432, -10.9099264], [-37.0763701, -10.9098033], [-37.078084, -10.909583], [-37.0786554, -10.9095024], [-37.0796277, -10.9093735], [-37.0807019, -10.9092185], [-37.0808448, -10.9092003], [-37.0818946, -10.9090606], [-37.0829443, -10.9089208], [-37.0839941, -10.9087811], [-37.0850438, -10.9086414], [-37.0860936, -10.9085016], [-37.0871645, -10.9083619], [-37.0871511, -10.9083136], [-37.0872272, -10.9081758], [-37.08728, -10.9080876], [-37.0873192, -10.9079881], [-37.0873997, -10.9079195], [-37.0875113, -10.9079275], [-37.0876572, -10.9080493], [-37.0878981, -10.9078776], [-37.0881325, -10.907666], [-37.0888415, -10.9069861], [-37.0890063, -10.9068702], [-37.0898415, -10.9065193], [-37.0899058, -10.9064324], [-37.0903468, -10.9062035], [-37.0904674, -10.9061771], [-37.0915872, -10.9059857], [-37.0917428, -10.9059014], [-37.0918796, -10.9058066], [-37.0922014, -10.9054431], [-37.0924053, -10.9051876], [-37.0927969, -10.9043053], [-37.0928452, -10.9041394], [-37.0927486, -10.9037838], [-37.0927298, -10.9036258], [-37.0927003, -10.9031938], [-37.0927432, -10.9029726], [-37.0927513, -10.9027909], [-37.0927149, -10.9026415], [-37.0925096, -10.9019836], [-37.0923944, -10.9020508], [-37.091988, -10.9022416], [-37.0911595, -10.902445], [-37.089588, -10.9026581], [-37.0893019, -10.9027099], [-37.0891625, -10.9027369], [-37.0888859, -10.9027691], [-37.0886302, -10.9027989], [-37.0876833, -10.9029158], [-37.0867096, -10.9030408], [-37.0863991, -10.9030803], [-37.0857718, -10.9031734], [-37.0852701, -10.9032479], [-37.0849514, -10.9033177], [-37.0841838, -10.9034079], [-37.0839174, -10.9034392], [-37.0800658, -10.9039689], [-37.0755576, -10.9045868], [-37.0739126, -10.9048073], [-37.0736046, -10.9048489], [-37.0736141, -10.9049243], [-37.0736739, -10.9054906], [-37.0736958, -10.9056977], [-37.0737292, -10.9060148], [-37.0737807, -10.906629], [-37.0738323, -10.9071709], [-37.073898, -10.9076371], [-37.0739959, -10.9082837], [-37.0740994, -10.90863], [-37.0741944, -10.9088341], [-37.0743312, -10.9090395], [-37.0745656, -10.9093543], [-37.0749347, -10.909855], [-37.0750345, -10.9099799], [-37.0751117, -10.9101028], [-37.0751152, -10.9101315]]]}}, {"type": "Feature", "properties": {"nome": "Lamarão", "municipio": "Aracaju", "fonte": "OpenStreetMap (Overpass API)", "osm_type": "relation", "osm_id": 4023061}, "geometry": {"type": "Polygon", "coordinates": [[[-37.0771616, -10.8775091], [-37.076691, -10.8775848], [-37.0762423, -10.8776569], [-37.0758218, -10.8777214], [-37.0756957, -10.8777286], [-37.0755781, -10.8777787], [-37.0754919, -10.8778064], [-37.0754031, -10.8778505], [-37.0753357, -10.8778854], [-37.0752814, -10.8779239], [-37.0751814, -10.8779895], [-37.0750574, -10.878135], [-37.0749971, -10.878214], [-37.0749441, -10.8782923], [-37.0748898, -10.8783891], [-37.0747583, -10.8786765], [-37.0747355, -10.8787263], [-37.0746182, -10.8789871], [-37.0745431, -10.8791484], [-37.0744574, -10.8793199], [-37.0744063, -10.8794222], [-37.0743158, -10.8796363], [-37.0741441, -10.8800408], [-37.0741319, -10.8800724], [-37.074012, -10.8803581], [-37.0738913, -10.8806122], [-37.0738759, -10.8806491], [-37.0737602, -10.8809191], [-37.0736915, -10.8810403], [-37.0736358, -10.8811147], [-37.073546, -10.8812279], [-37.0734736, -10.8813023], [-37.0733482, -10.8813919], [-37.073202, -10.8814663], [-37.0730357, -10.8815348], [-37.0728835, -10.881575], [-37.0728479, -10.8811483], [-37.0728235, -10.8809849], [-37.0728094, -10.8809003], [-37.0727913, -10.8808246], [-37.0727722, -10.8807686], [-37.0727484, -10.8807094], [-37.0727004, -10.8806142], [-37.0726441, -10.8805062], [-37.0726005, -10.8803506], [-37.0725401, -10.880232], [-37.0725207, -10.8801348], [-37.0725261, -10.8797164], [-37.0725288, -10.8796076], [-37.0725194, -10.8793637], [-37.0724872, -10.8792281], [-37.0724751, -10.8791642], [-37.0724674, -10.8790845], [-37.0724687, -10.8790299], [-37.0724718, -10.8788442], [-37.0725026, -10.8783477], [-37.0687734, -10.8762315], [-37.0697458, -10.8754507], [-37.0704514, -10.8738626], [-37.0709028, -10.8721935], [-37.0710629, -10.8700379], [-37.0714231, -10.867452], [-37.0716161, -10.8667453], [-37.0717952, -10.866387], [-37.0723249, -10.8657193], [-37.0731665, -10.8649286], [-37.0737438, -10.8644957], [-37.074799, -10.8638818], [-37.0764273, -10.8631997], [-37.0782298, -10.8626308], [-37.0798525, -10.862507], [-37.0818006, -10.8625026], [-37.0827788, -10.8628171], [-37.0834501, -10.8632322], [-37.08758, -10.8688473], [-37.0879816, -10.8693384], [-37.0881864, -10.8695958], [-37.0880312, -10.869709], [-37.0871031, -10.8704252], [-37.0862244, -10.8705595], [-37.0856678, -10.8710581], [-37.0852705, -10.8718257], [-37.0849326, -10.8717835], [-37.084659, -10.8716202], [-37.0845249, -10.8716834], [-37.0844391, -10.8718941], [-37.0842352, -10.8719521], [-37.0839563, -10.8718573], [-37.0834681, -10.8720311], [-37.0829692, -10.8720785], [-37.0827332, -10.872284], [-37.0819404, -10.8734403], [-37.0816562, -10.873525], [-37.0813567, -10.8735898], [-37.0809979, -10.8736753], [-37.0809127, -10.873697], [-37.0807427, -10.873829], [-37.0805092, -10.8741081], [-37.0803113, -10.8741156], [-37.0802707, -10.8740135], [-37.0801083, -10.8740409], [-37.0800068, -10.8741106], [-37.0796667, -10.8742502], [-37.0795302, -10.8742332], [-37.079455, -10.8742535], [-37.0794004, -10.8742554], [-37.0792594, -10.8743126], [-37.0791766, -10.8743256], [-37.0789735, -10.8743606], [-37.0786773, -10.8744092], [-37.0785302, -10.8744435], [-37.0781359, -10.8745356], [-37.0778107, -10.8746093], [-37.0773333, -10.8747196], [-37.0773448, -10.8748246], [-37.0773578, -10.8749226], [-37.0773963, -10.8751286], [-37.0774808, -10.8754789], [-37.0776055, -10.8759293], [-37.0776578, -10.8761269], [-37.0777175, -10.8763461], [-37.0777631, -10.8765081], [-37.0778171, -10.8767101], [-37.0778338, -10.8767626], [-37.0779991, -10.8775106], [-37.0771616, -10.8775091]]]}}, {"type": "Feature", "properties": {"nome": "Luzia", "municipio": "Aracaju", "fonte": "OpenStreetMap (Overpass API)", "osm_type": "relation", "osm_id": 4023062}, "geometry": {"type": "Polygon", "coordinates": [[[-37.0743628, -10.9459726], [-37.0755832, -10.9447871], [-37.0762565, -10.9440878], [-37.0770061, -10.9433317], [-37.0770426, -10.9432921], [-37.0773487, -10.9429598], [-37.0774625, -10.9428362], [-37.0774218, -10.942645], [-37.0771587, -10.9425074], [-37.0770599, -10.9424245], [-37.0768395, -10.9420359], [-37.0758912, -10.9401017], [-37.0754615, -10.9392377], [-37.0752958, -10.9390589], [-37.075127, -10.938942], [-37.0749582, -10.9388779], [-37.0740829, -10.9387676], [-37.0733533, -10.9387426], [-37.0728375, -10.9387696], [-37.0723352, -10.9391043], [-37.0722147, -10.9391113], [-37.0720004, -10.9390995], [-37.0715082, -10.9389678], [-37.071126, -10.9388072], [-37.0702941, -10.9384987], [-37.0690743, -10.9381073], [-37.0689322, -10.9380527], [-37.0688134, -10.9379763], [-37.0687409, -10.9379319], [-37.0686934, -10.9378722], [-37.068663, -10.9377596], [-37.0686911, -10.9376398], [-37.0689122, -10.9372015], [-37.0691852, -10.9365124], [-37.0702512, -10.9349375], [-37.0702013, -10.9337608], [-37.0701887, -10.9322481], [-37.0701996, -10.931132], [-37.0694598, -10.9280412], [-37.0694236, -10.9278471], [-37.0667007, -10.9286566], [-37.0652084, -10.9290755], [-37.0630276, -10.9296427], [-37.0619291, -10.930052], [-37.0609412, -10.9304625], [-37.0611187, -10.9308234], [-37.061412, -10.9317362], [-37.0615787, -10.9323542], [-37.0617227, -10.9327375], [-37.0618684, -10.9331757], [-37.062072, -10.9337684], [-37.0622195, -10.9339911], [-37.0623101, -10.9341272], [-37.0625212, -10.9343987], [-37.0627294, -10.9348686], [-37.0628091, -10.9350706], [-37.0628365, -10.9356459], [-37.0628467, -10.9357765], [-37.0629419, -10.9368521], [-37.0630034, -10.937083], [-37.063006, -10.9371075], [-37.0630822, -10.9374012], [-37.0631469, -10.9376759], [-37.0634127, -10.9384564], [-37.0634431, -10.9385456], [-37.0637315, -10.9391188], [-37.0640769, -10.9395833], [-37.0643455, -10.9398507], [-37.0647479, -10.9402194], [-37.0656867, -10.9410276], [-37.0657955, -10.9411277], [-37.0662828, -10.9415472], [-37.0669189, -10.9420936], [-37.0679297, -10.9429826], [-37.0692887, -10.9441505], [-37.0694622, -10.9442974], [-37.0710629, -10.9437229], [-37.0716737, -10.9435186], [-37.0717457, -10.9434945], [-37.0724014, -10.9441614], [-37.0733435, -10.9450233], [-37.0740415, -10.9456423], [-37.0743628, -10.9459726]]]}}, {"type": "Feature", "properties": {"nome": "Novo Paraíso", "municipio": "Aracaju", "fonte": "OpenStreetMap (Overpass API)", "osm_type": "relation", "osm_id": 4023063}, "geometry": {"type": "Polygon", "coordinates": [[[-37.0871645, -10.9083619], [-37.0893505, -10.908071], [-37.0907987, -10.9078077], [-37.0926906, -10.9075745], [-37.0925509, -10.9077043], [-37.0924154, -10.907812], [-37.0920788, -10.908069], [-37.0914483, -10.9085554], [-37.0912375, -10.9087163], [-37.0910599, -10.9089289], [-37.0908445, -10.9095437], [-37.0906827, -10.9099876], [-37.0905047, -10.9106578], [-37.0898302, -10.9126171], [-37.0896823, -10.9129167], [-37.089588, -10.9131442], [-37.0894197, -10.9135343], [-37.0890158, -10.9142114], [-37.0886413, -10.9147546], [-37.0884128, -10.9150664], [-37.0883754, -10.9151155], [-37.0882926, -10.9150385], [-37.0882501, -10.91487], [-37.088192, -10.9146816], [-37.0881164, -10.9143544], [-37.0880359, -10.9140206], [-37.0858448, -10.9143366], [-37.0857544, -10.9134189], [-37.0841992, -10.913621], [-37.0826972, -10.9138246], [-37.0819557, -10.9138907], [-37.0807163, -10.9140494], [-37.0801716, -10.9141192], [-37.0796717, -10.9141526], [-37.0791978, -10.9142143], [-37.0782542, -10.9143268], [-37.0781281, -10.9143313], [-37.0779807, -10.9143313], [-37.0770736, -10.9141429], [-37.0765615, -10.9140214], [-37.0759808, -10.9139633], [-37.0759553, -10.9133009], [-37.0759464, -10.9126357], [-37.0759294, -10.9121112], [-37.0758637, -10.9114665], [-37.0758447, -10.9113982], [-37.0757917, -10.9112084], [-37.075734, -10.9110359], [-37.0755892, -10.9107712], [-37.0754963, -10.9106287], [-37.0754052, -10.9104225], [-37.0752612, -10.9102752], [-37.0751152, -10.9101315], [-37.0752943, -10.9099856], [-37.0754432, -10.9099264], [-37.0763701, -10.9098033], [-37.078084, -10.909583], [-37.0786554, -10.9095024], [-37.0796277, -10.9093735], [-37.0807019, -10.9092185], [-37.0808448, -10.9092003], [-37.0818946, -10.9090606], [-37.0829443, -10.9089208], [-37.0839941, -10.9087811], [-37.0850438, -10.9086414], [-37.0860936, -10.9085016], [-37.0871645, -10.9083619]]]}}, {"type": "Feature", "properties": {"nome": "Olaria", "municipio": "Aracaju", "fonte": "OpenStreetMap (Overpass API)", "osm_type": "relation", "osm_id": 4023064}, "geometry": {"type": "Polygon", "coordinates": [[[-37.1028316, -10.8963124], [-37.1029052, -10.8963626], [-37.1029885, -10.8964812], [-37.1030788, -10.8965622], [-37.1032427, -10.8967901], [-37.1033509, -10.8969345], [-37.1034504, -10.8970887], [-37.103523, -10.8971885], [-37.1042041, -10.898034], [-37.1048373, -10.8988309], [-37.104976, -10.899005], [-37.105103, -10.899151], [-37.105147, -10.899242], [-37.10522, -10.899323], [-37.105275, -10.899333], [-37.1053112, -10.899333], [-37.105348, -10.89936], [-37.1053655, -10.8994146], [-37.1053928, -10.8994329], [-37.1054565, -10.8994875], [-37.105447, -10.8995507], [-37.105456, -10.899641], [-37.1054733, -10.8997227], [-37.1054959, -10.8997725], [-37.1055184, -10.8998224], [-37.1055454, -10.8999039], [-37.1055907, -10.8999854], [-37.1057887, -10.9004297], [-37.1057977, -10.900493], [-37.1058066, -10.9005564], [-37.1058244, -10.9006196], [-37.1059519, -10.9007199], [-37.1060153, -10.9008106], [-37.1060423, -10.9008652], [-37.1061061, -10.9009016], [-37.106197, -10.9009927], [-37.1062233, -10.9011827], [-37.1062309, -10.9014358], [-37.106249, -10.901508], [-37.106294, -10.9015627], [-37.106312, -10.901599], [-37.1063298, -10.9017165], [-37.106357, -10.901753], [-37.1063383, -10.9017981], [-37.1063428, -10.9018094], [-37.1063473, -10.9018208], [-37.1063562, -10.9018434], [-37.1064382, -10.9018891], [-37.1065202, -10.9019528], [-37.1065655, -10.9020344], [-37.1066012, -10.9021522], [-37.106692, -10.9022613], [-37.1067281, -10.9023338], [-37.1068007, -10.9024337], [-37.1068821, -10.9025698], [-37.1069547, -10.9026696], [-37.1070178, -10.9028508], [-37.1070161, -10.9030768], [-37.107239, -10.9040092], [-37.1075174, -10.9047974], [-37.107323, -10.905248], [-37.1071341, -10.9056578], [-37.1070545, -10.9056804], [-37.1065486, -10.9057524], [-37.1061549, -10.9058072], [-37.1018135, -10.9063261], [-37.0971986, -10.9069696], [-37.0940358, -10.9073982], [-37.0926906, -10.9075745], [-37.0907987, -10.9078077], [-37.0893505, -10.908071], [-37.0871645, -10.9083619], [-37.0871511, -10.9083136], [-37.0872272, -10.9081758], [-37.08728, -10.9080876], [-37.0873192, -10.9079881], [-37.0873997, -10.9079195], [-37.0875113, -10.9079275], [-37.0876572, -10.9080493], [-37.0878981, -10.9078776], [-37.0881325, -10.907666], [-37.0888415, -10.9069861], [-37.0890063, -10.9068702], [-37.0898415, -10.9065193], [-37.0899058, -10.9064324], [-37.0903468, -10.9062035], [-37.0904674, -10.9061771], [-37.0915872, -10.9059857], [-37.0917428, -10.9059014], [-37.0918796, -10.9058066], [-37.0922014, -10.9054431], [-37.0924053, -10.9051876], [-37.0927969, -10.9043053], [-37.0928452, -10.9041394], [-37.0927486, -10.9037838], [-37.0927298, -10.9036258], [-37.0927003, -10.9031938], [-37.0927432, -10.9029726], [-37.0927513, -10.9027909], [-37.0927149, -10.9026415], [-37.0925096, -10.9019836], [-37.0925993, -10.9019377], [-37.0931241, -10.9016481], [-37.0934022, -10.9015248], [-37.0942292, -10.9010236], [-37.0961604, -10.8999556], [-37.0976025, -10.8991421], [-37.0976647, -10.8991112], [-37.0978037, -10.899042], [-37.0979526, -10.8989678], [-37.098929, -10.898453], [-37.0993468, -10.8982327], [-37.0995059, -10.8981472], [-37.099552, -10.8981229], [-37.1004854, -10.8975918], [-37.101388, -10.8970861], [-37.1021658, -10.8966897], [-37.1027973, -10.8963358], [-37.1028316, -10.8963124]]]}}, {"type": "Feature", "properties": {"nome": "Palestina", "municipio": "Aracaju", "fonte": "OpenStreetMap (Overpass API)", "osm_type": "relation", "osm_id": 4023065}, "geometry": {"type": "Polygon", "coordinates": [[[-37.0621514, -10.8939213], [-37.0621819, -10.8939016], [-37.0625378, -10.8936725], [-37.0627467, -10.8935896], [-37.0628808, -10.8935495], [-37.0630501, -10.8935123], [-37.0630907, -10.8935034], [-37.063189, -10.8934758], [-37.0634866, -10.8933923], [-37.064033, -10.8931681], [-37.0641066, -10.8931379], [-37.0642263, -10.8931088], [-37.0643386, -10.89308], [-37.0645457, -10.8930022], [-37.0647041, -10.8929081], [-37.0648442, -10.8927991], [-37.0648576, -10.892781], [-37.0648644, -10.8927681], [-37.0651419, -10.8922398], [-37.0654618, -10.8925923], [-37.0659831, -10.8931626], [-37.0663208, -10.8935297], [-37.0664113, -10.8936351], [-37.0664266, -10.8936925], [-37.0666194, -10.8939058], [-37.0676006, -10.8949764], [-37.0676843, -10.8950607], [-37.0677298, -10.8951814], [-37.0677608, -10.8960969], [-37.0677574, -10.8962655], [-37.0676663, -10.8967108], [-37.0674035, -10.8973538], [-37.0672658, -10.8975481], [-37.0665123, -10.8981893], [-37.0661994, -10.8984448], [-37.0660046, -10.8986038], [-37.0652305, -10.8987688], [-37.0636587, -10.898642], [-37.0634714, -10.8985491], [-37.0630617, -10.8983459], [-37.0628678, -10.8982365], [-37.0627332, -10.8981672], [-37.0626642, -10.8981514], [-37.0626079, -10.8981381], [-37.0624281, -10.8981359], [-37.0624025, -10.8981442], [-37.0623578, -10.897895], [-37.0622781, -10.8973562], [-37.0622501, -10.8970112], [-37.0622379, -10.8968344], [-37.0622308, -10.8967074], [-37.06223, -10.8965982], [-37.0622614, -10.8964221], [-37.0623077, -10.8961538], [-37.0623351, -10.8960323], [-37.062405, -10.8957669], [-37.062493, -10.8955252], [-37.0625235, -10.8954122], [-37.0625861, -10.8952543], [-37.0626114, -10.8951527], [-37.062632, -10.895054], [-37.0626273, -10.8949137], [-37.0626132, -10.8948281], [-37.0625844, -10.8947286], [-37.0625573, -10.8946308], [-37.0625265, -10.8945568], [-37.0624392, -10.8943696], [-37.0622895, -10.8941346], [-37.0621958, -10.8939835], [-37.0621514, -10.8939213]]]}}, {"type": "Feature", "properties": {"nome": "Pereira Lobo", "municipio": "Aracaju", "fonte": "OpenStreetMap (Overpass API)", "osm_type": "relation", "osm_id": 4023066}, "geometry": {"type": "Polygon", "coordinates": [[[-37.0723856, -10.9267057], [-37.0723627, -10.9266374], [-37.0723313, -10.9265539], [-37.0717217, -10.9249326], [-37.0716577, -10.9247623], [-37.0715883, -10.9245777], [-37.0709964, -10.9229832], [-37.0709688, -10.9229086], [-37.0694835, -10.9188961], [-37.06948, -10.9188867], [-37.0694341, -10.9187626], [-37.0694193, -10.9187317], [-37.0677691, -10.9187044], [-37.0661113, -10.9186755], [-37.0647279, -10.9186434], [-37.0642819, -10.918633], [-37.0644255, -10.9187855], [-37.0648214, -10.9192839], [-37.0651822, -10.9197264], [-37.0655919, -10.9201985], [-37.0657783, -10.9203993], [-37.0660794, -10.9207641], [-37.0663798, -10.9211058], [-37.0665219, -10.9212967], [-37.0669819, -10.9218287], [-37.0671938, -10.9220881], [-37.067401, -10.9223225], [-37.0674891, -10.9224151], [-37.0675214, -10.9224549], [-37.0677578, -10.9227307], [-37.0679204, -10.922918], [-37.0680685, -10.9230797], [-37.0663955, -10.9231063], [-37.0663773, -10.9242778], [-37.0663898, -10.9253924], [-37.0663716, -10.925947], [-37.0663564, -10.9265046], [-37.0663678, -10.9270547], [-37.0664908, -10.9275379], [-37.0664627, -10.9276207], [-37.0665401, -10.9279577], [-37.066568, -10.9280789], [-37.0667007, -10.9286566], [-37.0694236, -10.9278471], [-37.0701046, -10.9276645], [-37.0705285, -10.9275186], [-37.0708191, -10.9274025], [-37.0710163, -10.9273158], [-37.0713539, -10.9271884], [-37.0723856, -10.9267057]]]}}, {"type": "Feature", "properties": {"nome": "Ponto Novo", "municipio": "Aracaju", "fonte": "OpenStreetMap (Overpass API)", "osm_type": "relation", "osm_id": 4023067}, "geometry": {"type": "Polygon", "coordinates": [[[-37.0774625, -10.9428362], [-37.0774629, -10.942836], [-37.0781056, -10.9421769], [-37.0790291, -10.9412309], [-37.0814473, -10.9387852], [-37.0819221, -10.9382558], [-37.0821386, -10.9379397], [-37.0823604, -10.9376297], [-37.0825495, -10.9372792], [-37.0828724, -10.9364675], [-37.0830216, -10.9358147], [-37.0830649, -10.9355023], [-37.0830834, -10.9353687], [-37.083097, -10.934974], [-37.0830987, -10.9349239], [-37.0830441, -10.9341439], [-37.0828608, -10.933336], [-37.0825554, -10.932565], [-37.0819824, -10.9310499], [-37.0815732, -10.9299918], [-37.0812138, -10.9290684], [-37.0812038, -10.9290466], [-37.0811942, -10.9290239], [-37.0811817, -10.9289943], [-37.080725, -10.9278245], [-37.0806637, -10.9275923], [-37.0805822, -10.9276132], [-37.0803007, -10.9277442], [-37.0794077, -10.9281899], [-37.0783609, -10.9286759], [-37.0779182, -10.9276629], [-37.0771548, -10.9277213], [-37.0769094, -10.9277334], [-37.0757648, -10.9278103], [-37.0745128, -10.927892], [-37.0744096, -10.9278987], [-37.0739675, -10.9274722], [-37.0738884, -10.9274], [-37.0734633, -10.9270119], [-37.073225, -10.9267943], [-37.0732132, -10.9267829], [-37.0729018, -10.9264625], [-37.0723856, -10.9267057], [-37.0713539, -10.9271884], [-37.0710163, -10.9273158], [-37.0708191, -10.9274025], [-37.0705285, -10.9275186], [-37.0701046, -10.9276645], [-37.0694236, -10.9278471], [-37.0694598, -10.9280412], [-37.0701996, -10.931132], [-37.0701887, -10.9322481], [-37.0702013, -10.9337608], [-37.0702512, -10.9349375], [-37.0691852, -10.9365124], [-37.0689122, -10.9372015], [-37.0686911, -10.9376398], [-37.068663, -10.9377596], [-37.0686934, -10.9378722], [-37.0687409, -10.9379319], [-37.0688134, -10.9379763], [-37.0689322, -10.9380527], [-37.0690743, -10.9381073], [-37.0702941, -10.9384987], [-37.071126, -10.9388072], [-37.0715082, -10.9389678], [-37.0720004, -10.9390995], [-37.0722147, -10.9391113], [-37.0723352, -10.9391043], [-37.0728375, -10.9387696], [-37.0733533, -10.9387426], [-37.0740829, -10.9387676], [-37.0749582, -10.9388779], [-37.075127, -10.938942], [-37.0752958, -10.9390589], [-37.0754615, -10.9392377], [-37.0758912, -10.9401017], [-37.0768395, -10.9420359], [-37.0770599, -10.9424245], [-37.0771587, -10.9425074], [-37.0774218, -10.942645], [-37.0774625, -10.9428362]]]}}, {"type": "Feature", "properties": {"nome": "Porto Dantas", "municipio": "Aracaju", "fonte": "OpenStreetMap (Overpass API)", "osm_type": "relation", "osm_id": 4023068}, "geometry": {"type": "Polygon", "coordinates": [[[-37.0646579, -10.8737506], [-37.0623016, -10.8705332], [-37.0620783, -10.8702284], [-37.057, -10.865], [-37.0524224, -10.8626738], [-37.0495033, -10.8625043], [-37.0462096, -10.863126], [-37.0414682, -10.8647284], [-37.0394611, -10.8654545], [-37.0373328, -10.8665042], [-37.035403, -10.8686813], [-37.03391, -10.8700842], [-37.0352555, -10.8751163], [-37.0364545, -10.8779971], [-37.0398173, -10.8840954], [-37.0482003, -10.8821442], [-37.0483875, -10.8823224], [-37.0486095, -10.8827603], [-37.0488047, -10.8831547], [-37.0489722, -10.8834675], [-37.0490145, -10.8835465], [-37.0492069, -10.8838929], [-37.0493987, -10.8842754], [-37.0498931, -10.8851966], [-37.0499301, -10.8852655], [-37.0499653, -10.885331], [-37.0501712, -10.8856905], [-37.0503643, -10.8860619], [-37.0504948, -10.8862996], [-37.0507753, -10.8868254], [-37.0508176, -10.8869048], [-37.0511106, -10.8874362], [-37.0512173, -10.8876403], [-37.0512769, -10.8877746], [-37.0513809, -10.8880275], [-37.0514821, -10.8883416], [-37.0515606, -10.8886682], [-37.051692, -10.8891765], [-37.0518704, -10.8897494], [-37.0519918, -10.8902828], [-37.0520072, -10.8904053], [-37.0526885, -10.8903328], [-37.0529271, -10.8903038], [-37.0532403, -10.8902933], [-37.0534582, -10.8903012], [-37.0537231, -10.8903091], [-37.0539361, -10.8903065], [-37.0543199, -10.8903235], [-37.0556198, -10.8903624], [-37.0556738, -10.8903661], [-37.0563748, -10.8903305], [-37.0573905, -10.8902465], [-37.057473, -10.8902195], [-37.0577065, -10.8902258], [-37.0578879, -10.8902298], [-37.0581494, -10.8902505], [-37.0586309, -10.8903131], [-37.0588987, -10.8903551], [-37.0589749, -10.8897329], [-37.0590044, -10.889376], [-37.0590081, -10.8893308], [-37.0590245, -10.8892039], [-37.0590295, -10.8891482], [-37.0590439, -10.8890811], [-37.0590751, -10.8890027], [-37.0591204, -10.8889257], [-37.0591727, -10.8888578], [-37.0592599, -10.8887801], [-37.0593846, -10.8886787], [-37.059514, -10.8886063], [-37.0596354, -10.8885701], [-37.0597651, -10.8885437], [-37.0598677, -10.888521], [-37.0599582, -10.888499], [-37.0600337, -10.8884667], [-37.0600969, -10.8884306], [-37.0601504, -10.8883913], [-37.0605051, -10.8881164], [-37.0607847, -10.8878899], [-37.0610073, -10.8877029], [-37.0612983, -10.8874553], [-37.0614566, -10.8873598], [-37.0615867, -10.887288], [-37.0618113, -10.8871748], [-37.0620857, -10.8870502], [-37.0624262, -10.8868956], [-37.0624715, -10.8868748], [-37.0628516, -10.8866999], [-37.0632121, -10.886534], [-37.0632296, -10.8865252], [-37.0632731, -10.8865031], [-37.0637713, -10.8861686], [-37.0639048, -10.8860738], [-37.0639695, -10.886031], [-37.0640174, -10.8859911], [-37.0640603, -10.8859434], [-37.0643869, -10.8852915], [-37.0644687, -10.885086], [-37.0645492, -10.8848635], [-37.0646169, -10.8846027], [-37.0646699, -10.8843564], [-37.0647222, -10.8841971], [-37.0647919, -10.8840871], [-37.0649274, -10.8839508], [-37.065201, -10.8836808], [-37.0655342, -10.8834075], [-37.0654698, -10.8833249], [-37.0654444, -10.8832933], [-37.0654209, -10.8832548], [-37.0654001, -10.8832212], [-37.0653645, -10.8829706], [-37.0649759, -10.8803625], [-37.0653403, -10.8750363], [-37.0646579, -10.8737506]]]}}, {"type": "Feature", "properties": {"nome": "Salgado Filho", "municipio": "Aracaju", "fonte": "OpenStreetMap (Overpass API)", "osm_type": "relation", "osm_id": 4023069}, "geometry": {"type": "Polygon", "coordinates": [[[-37.0541964, -10.9338844], [-37.0541315, -10.9337565], [-37.0540174, -10.9335062], [-37.0528832, -10.9316374], [-37.0521913, -10.9306672], [-37.0516326, -10.9300138], [-37.051681, -10.9278735], [-37.051663, -10.927683], [-37.0516607, -10.9262194], [-37.0516672, -10.9254689], [-37.0529987, -10.9254562], [-37.053649, -10.9254167], [-37.0542492, -10.9253825], [-37.0548722, -10.9253339], [-37.0557945, -10.9252609], [-37.0561926, -10.9252381], [-37.0562131, -10.9252363], [-37.0566515, -10.9251971], [-37.0573033, -10.9251515], [-37.0573383, -10.9253278], [-37.0574543, -10.9255091], [-37.0579506, -10.9260754], [-37.0584992, -10.9267105], [-37.0589995, -10.9272416], [-37.0595537, -10.9279094], [-37.0597892, -10.9281783], [-37.0599328, -10.9283632], [-37.0601113, -10.9286463], [-37.0602769, -10.9290095], [-37.0606659, -10.929909], [-37.0609412, -10.9304625], [-37.0604064, -10.9306965], [-37.0595236, -10.931245], [-37.0584899, -10.9319785], [-37.0573916, -10.9324917], [-37.0567058, -10.9327401], [-37.0554955, -10.9332983], [-37.0541964, -10.9338844]]]}}, {"type": "Feature", "properties": {"nome": "Santo Antônio", "municipio": "Aracaju", "fonte": "OpenStreetMap (Overpass API)", "osm_type": "relation", "osm_id": 4023070}, "geometry": {"type": "Polygon", "coordinates": [[[-37.0580723, -10.8955361], [-37.0580502, -10.8956612], [-37.0580157, -10.8958143], [-37.0579918, -10.895886], [-37.0579429, -10.8960266], [-37.0578202, -10.8962946], [-37.057737, -10.8964902], [-37.0577069, -10.8965745], [-37.057666, -10.8967075], [-37.0576224, -10.8968714], [-37.0576137, -10.896907], [-37.0575886, -10.8969919], [-37.0582828, -10.8977558], [-37.0583596, -10.8978403], [-37.0583943, -10.8978826], [-37.0577264, -10.8987252], [-37.05738, -10.8991897], [-37.0561207, -10.9010391], [-37.0546129, -10.9030872], [-37.0531317, -10.9051768], [-37.0525754, -10.9059822], [-37.0525364, -10.9060387], [-37.0526671, -10.9060432], [-37.053375, -10.9060923], [-37.0534822, -10.906096], [-37.0550353, -10.9061845], [-37.0566205, -10.9062819], [-37.0575319, -10.9063422], [-37.0587093, -10.9064145], [-37.0595709, -10.9064557], [-37.0608389, -10.9065209], [-37.061347, -10.9066151], [-37.0616779, -10.9065658], [-37.0617108, -10.9065546], [-37.0620018, -10.9064618], [-37.0626332, -10.9063684], [-37.0628665, -10.9063346], [-37.0628505, -10.906272], [-37.0628245, -10.9061865], [-37.0626582, -10.9056117], [-37.062506, -10.9050853], [-37.0624602, -10.9050046], [-37.0623212, -10.9044459], [-37.0623023, -10.9044427], [-37.0622878, -10.9044356], [-37.0622758, -10.9044248], [-37.0621493, -10.9042955], [-37.0619327, -10.9040519], [-37.0618604, -10.9039319], [-37.0618177, -10.9038263], [-37.061688, -10.9036663], [-37.0613217, -10.9030673], [-37.0613184, -10.9030056], [-37.0608437, -10.9030122], [-37.0608464, -10.9029687], [-37.0608403, -10.9019591], [-37.0608311, -10.9014625], [-37.0608125, -10.9009614], [-37.0608082, -10.9000411], [-37.060808, -10.8994232], [-37.0608207, -10.8991592], [-37.0608205, -10.8990327], [-37.0608204, -10.899004], [-37.0608265, -10.8989598], [-37.0608011, -10.8988956], [-37.0609279, -10.8988292], [-37.0617602, -10.898417], [-37.0619326, -10.8983432], [-37.0624025, -10.8981442], [-37.0623578, -10.897895], [-37.0622781, -10.8973562], [-37.0622501, -10.8970112], [-37.0622379, -10.8968344], [-37.0622308, -10.8967074], [-37.06223, -10.8965982], [-37.0622614, -10.8964221], [-37.0623077, -10.8961538], [-37.0623351, -10.8960323], [-37.062405, -10.8957669], [-37.062493, -10.8955252], [-37.0625235, -10.8954122], [-37.0625861, -10.8952543], [-37.0626114, -10.8951527], [-37.062632, -10.895054], [-37.0626273, -10.8949137], [-37.0626132, -10.8948281], [-37.0625844, -10.8947286], [-37.0625573, -10.8946308], [-37.0625265, -10.8945568], [-37.0624392, -10.8943696], [-37.0622895, -10.8941346], [-37.0621958, -10.8939835], [-37.0621514, -10.8939213], [-37.0621819, -10.8939016], [-37.0625378, -10.8936725], [-37.0627467, -10.8935896], [-37.0628808, -10.8935495], [-37.0630501, -10.8935123], [-37.0630907, -10.8935034], [-37.063189, -10.8934758], [-37.0634866, -10.8933923], [-37.064033, -10.8931681], [-37.0641066, -10.8931379], [-37.0642263, -10.8931088], [-37.0643386, -10.89308], [-37.0645457, -10.8930022], [-37.0647041, -10.8929081], [-37.0648442, -10.8927991], [-37.0648576, -10.892781], [-37.0648644, -10.8927681], [-37.0651419, -10.8922398], [-37.0653686, -10.8917235], [-37.0656842, -10.8911358], [-37.0659145, -10.8908762], [-37.0661592, -10.8907009], [-37.0666226, -10.8903094], [-37.0668036, -10.8901564], [-37.0661505, -10.8894597], [-37.0659149, -10.8891832], [-37.0659037, -10.8891701], [-37.0654973, -10.8886932], [-37.0652021, -10.8878531], [-37.0650078, -10.8873848], [-37.0649126, -10.8871873], [-37.0648301, -10.8870589], [-37.0647896, -10.8870072], [-37.0647617, -10.8869858], [-37.0647017, -10.8869552], [-37.0645431, -10.8869021], [-37.0643148, -10.8868362], [-37.0642877, -10.8868284], [-37.0632731, -10.8865031], [-37.0632296, -10.8865252], [-37.0632121, -10.886534], [-37.0628516, -10.8866999], [-37.0624715, -10.8868748], [-37.0624262, -10.8868956], [-37.0620857, -10.8870502], [-37.0618113, -10.8871748], [-37.0615867, -10.887288], [-37.0614566, -10.8873598], [-37.0612983, -10.8874553], [-37.0610073, -10.8877029], [-37.0607847, -10.8878899], [-37.0605051, -10.8881164], [-37.0601504, -10.8883913], [-37.0600969, -10.8884306], [-37.0600337, -10.8884667], [-37.0599582, -10.888499], [-37.0598677, -10.888521], [-37.0597651, -10.8885437], [-37.0596354, -10.8885701], [-37.059514, -10.8886063], [-37.0593846, -10.8886787], [-37.0592599, -10.8887801], [-37.0591727, -10.8888578], [-37.0591204, -10.8889257], [-37.0590751, -10.8890027], [-37.0590439, -10.8890811], [-37.0590295, -10.8891482], [-37.0590245, -10.8892039], [-37.0590081, -10.8893308], [-37.0590044, -10.889376], [-37.0589749, -10.8897329], [-37.0588987, -10.8903551], [-37.0587771, -10.8911842], [-37.058713, -10.8913195], [-37.058655, -10.8914262], [-37.0585782, -10.8915418], [-37.0585159, -10.8916185], [-37.0583774, -10.8917788], [-37.0581594, -10.8919553], [-37.0581015, -10.8919989], [-37.0581095, -10.8920451], [-37.0581514, -10.8923352], [-37.0581742, -10.8924518], [-37.058183, -10.8926138], [-37.0581883, -10.8927949], [-37.0580904, -10.8932242], [-37.0579999, -10.8935231], [-37.0578805, -10.8938556], [-37.0578101, -10.8940341], [-37.0576881, -10.8942757], [-37.0576365, -10.8943857], [-37.0575915, -10.8945214], [-37.057558, -10.8946267], [-37.0575276, -10.8947651], [-37.0574671, -10.895035], [-37.0574467, -10.8951433], [-37.0575453, -10.8952414], [-37.0575533, -10.8952483], [-37.057607, -10.8952924], [-37.0576173, -10.895301], [-37.0580723, -10.8955361]]]}}, {"type": "Feature", "properties": {"nome": "Santos Dumont", "municipio": "Aracaju", "fonte": "OpenStreetMap (Overpass API)", "osm_type": "relation", "osm_id": 4023071}, "geometry": {"type": "Polygon", "coordinates": [[[-37.0837095, -10.8861268], [-37.0837178, -10.8861385], [-37.0837731, -10.8862229], [-37.0838287, -10.8863098], [-37.0841328, -10.8867717], [-37.0841972, -10.8868688], [-37.0843392, -10.8871109], [-37.084486, -10.887315], [-37.084716, -10.887695], [-37.0847663, -10.8877891], [-37.0875353, -10.8886825], [-37.0889591, -10.8891434], [-37.089105, -10.8891985], [-37.0888525, -10.8899234], [-37.0884114, -10.8905265], [-37.088163, -10.8909585], [-37.0879845, -10.8911496], [-37.0877952, -10.8914331], [-37.0877536, -10.8917392], [-37.087748, -10.8917921], [-37.0877192, -10.8920664], [-37.0876656, -10.8926245], [-37.0876184, -10.8928502], [-37.0875333, -10.8932926], [-37.0873897, -10.8937698], [-37.0873686, -10.8938087], [-37.0873621, -10.8938205], [-37.0873612, -10.8938222], [-37.0872824, -10.8939673], [-37.087208, -10.8941041], [-37.0872077, -10.8941583], [-37.087179, -10.894348], [-37.0871873, -10.8944836], [-37.087232, -10.8946466], [-37.0873402, -10.8948914], [-37.0874403, -10.8949643], [-37.0875862, -10.8950285], [-37.0878604, -10.8950664], [-37.088034, -10.8950946], [-37.088235, -10.8951229], [-37.0885911, -10.8952155], [-37.0888009, -10.8952982], [-37.0890197, -10.895408], [-37.0891928, -10.8955176], [-37.0894658, -10.8957362], [-37.0896377, -10.8960266], [-37.0897176, -10.8964067], [-37.0897169, -10.8965152], [-37.0897156, -10.8967231], [-37.0897468, -10.8972285], [-37.0897393, -10.8973164], [-37.089719, -10.8975539], [-37.0897126, -10.8978538], [-37.0895698, -10.8983871], [-37.0894758, -10.8988079], [-37.089474, -10.8992198], [-37.089434, -10.8994518], [-37.0895419, -10.8998896], [-37.089613, -10.9000512], [-37.0896471, -10.9002932], [-37.0897101, -10.9004473], [-37.0898735, -10.9006382], [-37.0899827, -10.9007202], [-37.0900825, -10.9008564], [-37.0901259, -10.9010295], [-37.0902741, -10.9012126], [-37.0905711, -10.9013052], [-37.0908325, -10.9013083], [-37.0909084, -10.9014222], [-37.0910148, -10.9015028], [-37.0911569, -10.9016043], [-37.0913611, -10.9016449], [-37.0915026, -10.901673], [-37.0916202, -10.9016484], [-37.0917144, -10.9016801], [-37.0918414, -10.9017155], [-37.0919521, -10.9016907], [-37.0920906, -10.901635], [-37.092162, -10.9016335], [-37.0922819, -10.9016114], [-37.0923636, -10.9017023], [-37.0925096, -10.9019836], [-37.0923944, -10.9020508], [-37.091988, -10.9022416], [-37.0911595, -10.902445], [-37.089588, -10.9026581], [-37.0893019, -10.9027099], [-37.0891625, -10.9027369], [-37.0888859, -10.9027691], [-37.0886302, -10.9027989], [-37.0876833, -10.9029158], [-37.0867096, -10.9030408], [-37.0863991, -10.9030803], [-37.0857718, -10.9031734], [-37.0852701, -10.9032479], [-37.0849514, -10.9033177], [-37.0841838, -10.9034079], [-37.0839174, -10.9034392], [-37.0800658, -10.9039689], [-37.0755576, -10.9045868], [-37.0739126, -10.9048073], [-37.0736046, -10.9048489], [-37.0735953, -10.9047788], [-37.0734246, -10.9035705], [-37.0734174, -10.9035156], [-37.0742601, -10.903394], [-37.0747027, -10.9033614], [-37.0749226, -10.9033712], [-37.0756489, -10.9034547], [-37.0765239, -10.9035567], [-37.0765286, -10.9035185], [-37.0765401, -10.90343], [-37.0766469, -10.9026062], [-37.0767459, -10.9018289], [-37.0767549, -10.9017363], [-37.0767648, -10.9016795], [-37.076887, -10.9009766], [-37.0769997, -10.9002671], [-37.0770483, -10.9001696], [-37.0770691, -10.90014], [-37.0771287, -10.9000735], [-37.0771884, -10.9000215], [-37.0775619, -10.8997472], [-37.0776165, -10.8997037], [-37.0776347, -10.8996893], [-37.0777075, -10.8996313], [-37.0777423, -10.8995994], [-37.0785557, -10.8990081], [-37.0789324, -10.8987216], [-37.0789842, -10.8986822], [-37.0790961, -10.8985946], [-37.0794562, -10.898322], [-37.0797707, -10.8980896], [-37.0802781, -10.8977167], [-37.0801531, -10.8975254], [-37.0793741, -10.8962936], [-37.0785597, -10.8950378], [-37.0778473, -10.8938656], [-37.0777537, -10.8937259], [-37.0776514, -10.8935695], [-37.077628, -10.893532], [-37.0776142, -10.8934984], [-37.0775968, -10.8934523], [-37.0775884, -10.8934148], [-37.0775693, -10.8932999], [-37.0776156, -10.8929114], [-37.0776317, -10.892673], [-37.0776377, -10.8925486], [-37.0776384, -10.8924399], [-37.0776303, -10.8923412], [-37.0775881, -10.8920152], [-37.0773869, -10.8920254], [-37.0773111, -10.8913851], [-37.0772528, -10.8907312], [-37.0772139, -10.8901287], [-37.0772072, -10.8900648], [-37.0772005, -10.8900344], [-37.0771774, -10.8899842], [-37.0771254, -10.8898897], [-37.0770958, -10.8898296], [-37.0777465, -10.8894911], [-37.0784083, -10.8890936], [-37.0788291, -10.8888515], [-37.0793678, -10.8885196], [-37.0795172, -10.8883804], [-37.0801368, -10.888017], [-37.0805003, -10.8878049], [-37.0806954, -10.8876871], [-37.0810915, -10.8874692], [-37.0813948, -10.8872986], [-37.0815734, -10.8871755], [-37.0823819, -10.8866822], [-37.0827111, -10.886488], [-37.0828848, -10.8863819], [-37.0829806, -10.8863023], [-37.0831034, -10.8861613], [-37.0831988, -10.8860287], [-37.0832923, -10.8858437], [-37.0833857, -10.8856586], [-37.0834429, -10.885742], [-37.0836286, -10.8860128], [-37.0837095, -10.8861268]]]}}, {"type": "Feature", "properties": {"nome": "Siqueira Campos", "municipio": "Aracaju", "fonte": "OpenStreetMap (Overpass API)", "osm_type": "relation", "osm_id": 4023072}, "geometry": {"type": "Polygon", "coordinates": [[[-37.0741837, -10.9151761], [-37.0747976, -10.9150871], [-37.0754309, -10.914997], [-37.0760451, -10.9149035], [-37.0760196, -10.9145914], [-37.0759808, -10.9139633], [-37.0759553, -10.9133009], [-37.0759464, -10.9126357], [-37.0759294, -10.9121112], [-37.0758637, -10.9114665], [-37.0758447, -10.9113982], [-37.0757917, -10.9112084], [-37.075734, -10.9110359], [-37.0755892, -10.9107712], [-37.0754963, -10.9106287], [-37.0754052, -10.9104225], [-37.0752612, -10.9102752], [-37.0751152, -10.9101315], [-37.0751117, -10.9101028], [-37.0750345, -10.9099799], [-37.0749347, -10.909855], [-37.0745656, -10.9093543], [-37.0743312, -10.9090395], [-37.0741944, -10.9088341], [-37.0740994, -10.90863], [-37.0739959, -10.9082837], [-37.073898, -10.9076371], [-37.0738323, -10.9071709], [-37.0737807, -10.906629], [-37.0737292, -10.9060148], [-37.0736958, -10.9056977], [-37.0736739, -10.9054906], [-37.0736141, -10.9049243], [-37.0736046, -10.9048489], [-37.0725214, -10.9049941], [-37.0716255, -10.9051179], [-37.0704659, -10.9052746], [-37.0694264, -10.9054092], [-37.0692636, -10.9055198], [-37.0682226, -10.9056532], [-37.0671022, -10.9058122], [-37.0670149, -10.9057795], [-37.0654213, -10.9059607], [-37.0657688, -10.9066913], [-37.0661829, -10.9081277], [-37.066449, -10.9092739], [-37.066703, -10.9103854], [-37.066736, -10.9104898], [-37.0670069, -10.9114162], [-37.067024, -10.9114726], [-37.0670564, -10.911591], [-37.0673238, -10.9125701], [-37.0673436, -10.9126424], [-37.0676552, -10.9136864], [-37.0684429, -10.9160669], [-37.0684989, -10.9162361], [-37.0693865, -10.9186301], [-37.0693899, -10.9186391], [-37.0694108, -10.9186954], [-37.0694193, -10.9187317], [-37.0694341, -10.9187626], [-37.06948, -10.9188867], [-37.0694835, -10.9188961], [-37.0709688, -10.9229086], [-37.0709964, -10.9229832], [-37.0715883, -10.9245777], [-37.0716577, -10.9247623], [-37.0717217, -10.9249326], [-37.0723313, -10.9265539], [-37.0723627, -10.9266374], [-37.0723856, -10.9267057], [-37.0729018, -10.9264625], [-37.0732132, -10.9267829], [-37.073225, -10.9267943], [-37.0734633, -10.9270119], [-37.0738884, -10.9274], [-37.0739675, -10.9274722], [-37.0744096, -10.9278987], [-37.0745128, -10.927892], [-37.0757648, -10.9278103], [-37.0769094, -10.9277334], [-37.0771548, -10.9277213], [-37.0779182, -10.9276629], [-37.0777352, -10.9272225], [-37.0775636, -10.9268259], [-37.0772805, -10.9261717], [-37.0769516, -10.9254582], [-37.0769213, -10.9253865], [-37.0768916, -10.9253178], [-37.0768554, -10.9252351], [-37.0766853, -10.9248458], [-37.0766615, -10.9247944], [-37.0766282, -10.9247286], [-37.0765965, -10.9246632], [-37.076439, -10.9243123], [-37.0763361, -10.924087], [-37.0760706, -10.9234787], [-37.0757997, -10.9228571], [-37.0754081, -10.921934], [-37.0751493, -10.9213138], [-37.0750527, -10.9210649], [-37.0749763, -10.9207766], [-37.0749319, -10.9205471], [-37.0748193, -10.9196284], [-37.0746785, -10.918559], [-37.0746705, -10.918505], [-37.0746551, -10.9184194], [-37.0746423, -10.9183269], [-37.0744988, -10.917395], [-37.0743486, -10.9163211], [-37.0741837, -10.9151761]]]}}, {"type": "Feature", "properties": {"nome": "Soledade", "municipio": "Aracaju", "fonte": "OpenStreetMap (Overpass API)", "osm_type": "relation", "osm_id": 4023073}, "geometry": {"type": "Polygon", "coordinates": [[[-37.0837095, -10.8861268], [-37.0837178, -10.8861385], [-37.0837731, -10.8862229], [-37.0838287, -10.8863098], [-37.0841328, -10.8867717], [-37.0841972, -10.8868688], [-37.0843392, -10.8871109], [-37.084486, -10.887315], [-37.084716, -10.887695], [-37.0847663, -10.8877891], [-37.0875353, -10.8886825], [-37.0889591, -10.8891434], [-37.089105, -10.8891985], [-37.0897796, -10.888118], [-37.0900104, -10.8877669], [-37.0904679, -10.8871137], [-37.0909786, -10.8868683], [-37.0912325, -10.8867404], [-37.091185, -10.8862309], [-37.0920774, -10.8855842], [-37.09216, -10.8848354], [-37.0926068, -10.8839865], [-37.0951728, -10.8827731], [-37.0960431, -10.8832253], [-37.0967672, -10.8837232], [-37.0968443, -10.8833318], [-37.0970804, -10.8827444], [-37.0973218, -10.8823586], [-37.0978714, -10.8819883], [-37.100755, -10.8801842], [-37.101212, -10.8798464], [-37.1025045, -10.8783623], [-37.1033286, -10.8774266], [-37.1034312, -10.8766415], [-37.1026835, -10.8756511], [-37.1013941, -10.8751699], [-37.0964481, -10.874651], [-37.0955639, -10.8747209], [-37.0949855, -10.8747397], [-37.0939261, -10.8747107], [-37.0932421, -10.874658], [-37.0925233, -10.8742498], [-37.0921297, -10.8739556], [-37.090061, -10.8718343], [-37.0881864, -10.8695958], [-37.0880312, -10.869709], [-37.0871031, -10.8704252], [-37.0862244, -10.8705595], [-37.0856678, -10.8710581], [-37.0852705, -10.8718257], [-37.0849326, -10.8717835], [-37.084659, -10.8716202], [-37.0845249, -10.8716834], [-37.0844391, -10.8718941], [-37.0842352, -10.8719521], [-37.0839563, -10.8718573], [-37.0834681, -10.8720311], [-37.0829692, -10.8720785], [-37.0827332, -10.872284], [-37.0819404, -10.8734403], [-37.0816562, -10.873525], [-37.0813567, -10.8735898], [-37.0809979, -10.8736753], [-37.0809127, -10.873697], [-37.0807427, -10.873829], [-37.0805092, -10.8741081], [-37.0803113, -10.8741156], [-37.0802707, -10.8740135], [-37.0801083, -10.8740409], [-37.0800068, -10.8741106], [-37.0796667, -10.8742502], [-37.0795302, -10.8742332], [-37.079455, -10.8742535], [-37.0794004, -10.8742554], [-37.0792594, -10.8743126], [-37.0791766, -10.8743256], [-37.0789735, -10.8743606], [-37.0786773, -10.8744092], [-37.0785302, -10.8744435], [-37.0781359, -10.8745356], [-37.0778107, -10.8746093], [-37.0773333, -10.8747196], [-37.0773448, -10.8748246], [-37.0773578, -10.8749226], [-37.0773963, -10.8751286], [-37.0774808, -10.8754789], [-37.0776055, -10.8759293], [-37.0776578, -10.8761269], [-37.0777175, -10.8763461], [-37.0777631, -10.8765081], [-37.0778171, -10.8767101], [-37.0778338, -10.8767626], [-37.0779991, -10.8775106], [-37.0784336, -10.8781468], [-37.0786402, -10.8784803], [-37.0790815, -10.879193], [-37.0791417, -10.8792775], [-37.0791684, -10.8793218], [-37.0792785, -10.879504], [-37.0795077, -10.8798532], [-37.0795308, -10.8798885], [-37.0795421, -10.8799057], [-37.0796024, -10.8799882], [-37.0797493, -10.8801895], [-37.0798995, -10.8804035], [-37.0800953, -10.8807044], [-37.080374, -10.8811228], [-37.0804124, -10.8811805], [-37.0805398, -10.8813616], [-37.0806364, -10.8815164], [-37.0807991, -10.8817635], [-37.080908, -10.8819273], [-37.0809964, -10.8820672], [-37.0810756, -10.8821926], [-37.0811788, -10.8823521], [-37.081264, -10.8824837], [-37.0814049, -10.8826885], [-37.08148, -10.8828011], [-37.0815906, -10.882965], [-37.0817669, -10.8832179], [-37.0819165, -10.8834306], [-37.0823141, -10.8840529], [-37.0824593, -10.8842768], [-37.0828915, -10.8849273], [-37.0832402, -10.8854429], [-37.0833857, -10.8856586], [-37.0834429, -10.885742], [-37.0836286, -10.8860128], [-37.0837095, -10.8861268]]]}}, {"type": "Feature", "properties": {"nome": "Suíssa", "municipio": "Aracaju", "fonte": "OpenStreetMap (Overpass API)", "osm_type": "relation", "osm_id": 4023074}, "geometry": {"type": "Polygon", "coordinates": [[[-37.0664908, -10.9275379], [-37.0663678, -10.9270547], [-37.0663564, -10.9265046], [-37.0663716, -10.925947], [-37.0663898, -10.9253924], [-37.0663773, -10.9242778], [-37.0663955, -10.9231063], [-37.0680685, -10.9230797], [-37.0679204, -10.922918], [-37.0677578, -10.9227307], [-37.0675214, -10.9224549], [-37.0674891, -10.9224151], [-37.067401, -10.9223225], [-37.0671938, -10.9220881], [-37.0669819, -10.9218287], [-37.0665219, -10.9212967], [-37.0663798, -10.9211058], [-37.0660794, -10.9207641], [-37.0657783, -10.9203993], [-37.0655919, -10.9201985], [-37.0651822, -10.9197264], [-37.0648214, -10.9192839], [-37.0644255, -10.9187855], [-37.0642819, -10.918633], [-37.0630587, -10.9186183], [-37.0619495, -10.918594], [-37.060797, -10.9185821], [-37.0597045, -10.9185653], [-37.0585132, -10.9185486], [-37.0573838, -10.9185429], [-37.057363, -10.9196791], [-37.0573614, -10.9208127], [-37.0573402, -10.9219279], [-37.0573368, -10.9230972], [-37.0573195, -10.9240942], [-37.0573033, -10.9251515], [-37.0573383, -10.9253278], [-37.0574543, -10.9255091], [-37.0579506, -10.9260754], [-37.0584992, -10.9267105], [-37.0589995, -10.9272416], [-37.0595537, -10.9279094], [-37.0597892, -10.9281783], [-37.0599328, -10.9283632], [-37.0601113, -10.9286463], [-37.0602769, -10.9290095], [-37.0606659, -10.929909], [-37.0609412, -10.9304625], [-37.0619291, -10.930052], [-37.0630276, -10.9296427], [-37.0652084, -10.9290755], [-37.0667007, -10.9286566], [-37.066568, -10.9280789], [-37.0665401, -10.9279577], [-37.0664627, -10.9276207], [-37.0664908, -10.9275379]]]}}, {"type": "Feature", "properties": {"nome": "São Conrado", "municipio": "Aracaju", "fonte": "OpenStreetMap (Overpass API)", "osm_type": "relation", "osm_id": 4023075}, "geometry": {"type": "Polygon", "coordinates": [[[-37.0802188, -10.9728409], [-37.080083, -10.972672], [-37.0797034, -10.972139], [-37.0795227, -10.971909], [-37.0793321, -10.9717652], [-37.0791405, -10.9716268], [-37.0790626, -10.9712389], [-37.0790272, -10.9711025], [-37.0788586, -10.9709939], [-37.0785654, -10.9709295], [-37.0783987, -10.9707884], [-37.0783884, -10.9707115], [-37.0784391, -10.9704606], [-37.0785312, -10.970264], [-37.0785644, -10.9699353], [-37.0785632, -10.9694692], [-37.0786088, -10.9691579], [-37.0787079, -10.9690224], [-37.0788394, -10.968798], [-37.0789737, -10.9685116], [-37.0789777, -10.9682793], [-37.0789813, -10.9681689], [-37.078899, -10.9680198], [-37.0787948, -10.967903], [-37.0786815, -10.9678543], [-37.0785298, -10.9678561], [-37.077962, -10.9679519], [-37.0777055, -10.9679955], [-37.0772204, -10.9680467], [-37.0770466, -10.9680456], [-37.0769665, -10.9679597], [-37.0769374, -10.9678085], [-37.0768948, -10.9674994], [-37.0767792, -10.9671499], [-37.0766577, -10.9667608], [-37.0765472, -10.9665544], [-37.0761655, -10.9664414], [-37.0760043, -10.966439], [-37.0758389, -10.9664638], [-37.0757004, -10.966461], [-37.075427, -10.9664393], [-37.0752324, -10.9663537], [-37.0749999, -10.9662519], [-37.0748051, -10.9661558], [-37.07453, -10.9657965], [-37.0742681, -10.9655712], [-37.0738046, -10.9652557], [-37.0737115, -10.9651072], [-37.0736099, -10.9647607], [-37.0736023, -10.9645176], [-37.0736031, -10.96439], [-37.0736134, -10.9642093], [-37.0736236, -10.9640557], [-37.073726, -10.9637852], [-37.0739524, -10.9635201], [-37.0741039, -10.9633356], [-37.0746183, -10.9630134], [-37.0749271, -10.96279], [-37.074963, -10.9624733], [-37.0747611, -10.9621556], [-37.0744509, -10.9620271], [-37.0741133, -10.9618893], [-37.0737941, -10.9617337], [-37.0736211, -10.961606], [-37.0735226, -10.961289], [-37.0734602, -10.9610355], [-37.0734957, -10.9603579], [-37.0741673, -10.960444], [-37.074928, -10.9603249], [-37.0767355, -10.9599416], [-37.0774254, -10.9597999], [-37.0797314, -10.9592674], [-37.0805069, -10.9590783], [-37.0824535, -10.9588001], [-37.0839455, -10.9583328], [-37.0845819, -10.9581018], [-37.0848279, -10.9576188], [-37.0850792, -10.9570202], [-37.085324, -10.9562372], [-37.085793, -10.9563901], [-37.086574, -10.956628], [-37.0887649, -10.9572486], [-37.0889634, -10.9573223], [-37.0891082, -10.9573802], [-37.089312, -10.9575014], [-37.0894515, -10.9576278], [-37.0896285, -10.9578226], [-37.0898163, -10.958107], [-37.0899719, -10.9584915], [-37.0901407, -10.9591626], [-37.0905673, -10.9609194], [-37.0906478, -10.961109], [-37.0913827, -10.9623835], [-37.0916134, -10.9627153], [-37.0937483, -10.9650994], [-37.093862, -10.9652263], [-37.0937131, -10.9652246], [-37.093439, -10.9653284], [-37.0933837, -10.9653913], [-37.0933189, -10.9655175], [-37.0932723, -10.9656437], [-37.0932263, -10.9656886], [-37.093089, -10.9656968], [-37.0929242, -10.9657139], [-37.0928601, -10.9657315], [-37.0928048, -10.9657945], [-37.0928044, -10.9658578], [-37.0928315, -10.9659031], [-37.0928861, -10.9659487], [-37.0930045, -10.9660398], [-37.0931319, -10.96614], [-37.0932279, -10.966217], [-37.093353, -10.9662816], [-37.0934186, -10.9663305], [-37.0935043, -10.9663238], [-37.0935881, -10.9663327], [-37.093661, -10.9663784], [-37.0936696, -10.9664507], [-37.0936506, -10.9665681], [-37.0936226, -10.9666493], [-37.0936126, -10.9667848], [-37.093575, -10.9669383], [-37.0934908, -10.9670734], [-37.0934274, -10.9671362], [-37.0933266, -10.9671627], [-37.0932167, -10.9671891], [-37.0931065, -10.9672427], [-37.0930753, -10.9672878], [-37.0930555, -10.9673579], [-37.0930537, -10.9674584], [-37.0930587, -10.9675678], [-37.0930178, -10.9676325], [-37.0929293, -10.9677839], [-37.0928463, -10.9678828], [-37.0927358, -10.9679906], [-37.0926806, -10.9680355], [-37.0926709, -10.9681258], [-37.0926794, -10.9682343], [-37.0927248, -10.9682798], [-37.0928255, -10.9682714], [-37.0930182, -10.9681822], [-37.0931192, -10.9681286], [-37.0932108, -10.9681021], [-37.0933114, -10.9681117], [-37.093357, -10.9681301], [-37.0933984, -10.9681693], [-37.0934146, -10.9682321], [-37.0934074, -10.9683111], [-37.0933827, -10.9684014], [-37.0933274, -10.9684734], [-37.0931988, -10.968554], [-37.0931067, -10.9686438], [-37.0930148, -10.9687065], [-37.0928496, -10.9687868], [-37.0926475, -10.9689302], [-37.0924911, -10.9690557], [-37.0924355, -10.9691729], [-37.092398, -10.9693083], [-37.0924157, -10.9694078], [-37.0924606, -10.9695437], [-37.0925242, -10.9696073], [-37.092597, -10.969662], [-37.09277, -10.9697897], [-37.0929067, -10.9698719], [-37.0929703, -10.9699446], [-37.0930244, -10.9700625], [-37.0930055, -10.9701618], [-37.0929678, -10.9703333], [-37.0929396, -10.9704506], [-37.0928469, -10.9706399], [-37.0928363, -10.9708658], [-37.0928259, -10.9710646], [-37.0928243, -10.9713177], [-37.0927769, -10.9715705], [-37.0926658, -10.9717777], [-37.092563, -10.9719031], [-37.0924588, -10.9719713], [-37.0922706, -10.9720645], [-37.0921235, -10.972172], [-37.0918758, -10.972288], [-37.0917013, -10.9723954], [-37.0916364, -10.9725215], [-37.0915799, -10.9727743], [-37.091496, -10.9730178], [-37.0914124, -10.9732161], [-37.0913673, -10.9732657], [-37.0911552, -10.9733772], [-37.0908252, -10.9734836], [-37.0905961, -10.9735455], [-37.0904132, -10.9735353], [-37.0902668, -10.9735434], [-37.0901109, -10.9736057], [-37.0899914, -10.9736953], [-37.089826, -10.9738118], [-37.089688, -10.9739194], [-37.0895542, -10.9739694], [-37.0894878, -10.9740322], [-37.0893577, -10.974071], [-37.089202, -10.9740972], [-37.0890556, -10.9741143], [-37.0888727, -10.9740951], [-37.0888087, -10.9740856], [-37.0886809, -10.9740487], [-37.0886262, -10.9740212], [-37.0885165, -10.9740115], [-37.0883885, -10.9740017], [-37.0882548, -10.9740262], [-37.0881319, -10.9740724], [-37.0880492, -10.974117], [-37.0880122, -10.9741801], [-37.0880026, -10.9742614], [-37.0880111, -10.9743518], [-37.0880654, -10.9744516], [-37.0880925, -10.974506], [-37.0881102, -10.9745875], [-37.0881732, -10.9747596], [-37.0881545, -10.9748228], [-37.0881083, -10.9748948], [-37.0880714, -10.9749307], [-37.0880164, -10.9749575], [-37.0879613, -10.9749843], [-37.087879, -10.9749837], [-37.0878058, -10.9749833], [-37.0877234, -10.9749918], [-37.0876592, -10.9750185], [-37.0875951, -10.9750272], [-37.0875583, -10.9750631], [-37.0875032, -10.9750899], [-37.0873929, -10.9751705], [-37.0873284, -10.9752515], [-37.087264, -10.9752963], [-37.0871261, -10.9754039], [-37.0870162, -10.9754303], [-37.0869426, -10.9754931], [-37.086317, -10.9757791], [-37.0859837, -10.9759418], [-37.0857346, -10.9760901], [-37.0854906, -10.9762321], [-37.0852447, -10.9763644], [-37.0850768, -10.9764458], [-37.0849661, -10.9765806], [-37.0848862, -10.9766101], [-37.0847381, -10.9766995], [-37.084712, -10.9766721], [-37.0846389, -10.9766537], [-37.0845297, -10.9765626], [-37.0845117, -10.9765173], [-37.0845123, -10.9764269], [-37.0845602, -10.9760837], [-37.0846532, -10.9758493], [-37.0846537, -10.975768], [-37.0846101, -10.9756605], [-37.0845542, -10.9755956], [-37.0844601, -10.975542], [-37.0843713, -10.9755854], [-37.0839212, -10.9758374], [-37.0837211, -10.9759132], [-37.0831871, -10.9760407], [-37.0828245, -10.9760546], [-37.0827088, -10.9760059], [-37.0826314, -10.9758637], [-37.0826053, -10.9756466], [-37.0826099, -10.9753583], [-37.0826239, -10.975079], [-37.0825543, -10.9750497], [-37.0823262, -10.9749578], [-37.0821257, -10.974927], [-37.0817582, -10.9747101], [-37.081489, -10.9744828], [-37.0813488, -10.9744418], [-37.0811174, -10.9745421], [-37.0808153, -10.9746295], [-37.0806274, -10.9744425], [-37.0805335, -10.9742168], [-37.0805118, -10.9740063], [-37.0805496, -10.9738873], [-37.0807412, -10.9733174], [-37.0805504, -10.973108], [-37.0802188, -10.9728409]]]}}, {"type": "Feature", "properties": {"nome": "São José", "municipio": "Aracaju", "fonte": "OpenStreetMap (Overpass API)", "osm_type": "relation", "osm_id": 4023076}, "geometry": {"type": "Polygon", "coordinates": [[[-37.0418423, -10.9184589], [-37.0408551, -10.9219953], [-37.0406247, -10.9239976], [-37.0408632, -10.9240021], [-37.0436344, -10.9240198], [-37.0437804, -10.9247324], [-37.0437914, -10.924803], [-37.043823, -10.9249405], [-37.0439058, -10.9253688], [-37.0439896, -10.9253783], [-37.0440325, -10.9253827], [-37.0449817, -10.9253714], [-37.0463236, -10.9253909], [-37.0471028, -10.9254022], [-37.0475874, -10.9254092], [-37.0479683, -10.9254148], [-37.0482131, -10.9254183], [-37.0483873, -10.9254233], [-37.0491232, -10.9254442], [-37.0502974, -10.9254486], [-37.051482, -10.9254662], [-37.0515786, -10.9254676], [-37.0516672, -10.9254689], [-37.0529987, -10.9254562], [-37.053649, -10.9254167], [-37.0542492, -10.9253825], [-37.0548722, -10.9253339], [-37.0557945, -10.9252609], [-37.0561926, -10.9252381], [-37.0562131, -10.9252363], [-37.0566515, -10.9251971], [-37.0573033, -10.9251515], [-37.0573195, -10.9240942], [-37.0573368, -10.9230972], [-37.0573402, -10.9219279], [-37.0573614, -10.9208127], [-37.057363, -10.9196791], [-37.0573838, -10.9185429], [-37.0573472, -10.9185433], [-37.0572497, -10.9185453], [-37.0562551, -10.9185229], [-37.0561912, -10.9185206], [-37.0561037, -10.9185207], [-37.0552663, -10.9185081], [-37.0552097, -10.9185096], [-37.0551523, -10.9185071], [-37.055085, -10.9185058], [-37.0549885, -10.9185042], [-37.0541048, -10.918485], [-37.0540259, -10.9184857], [-37.0539372, -10.9184835], [-37.0529324, -10.9184751], [-37.0528576, -10.9184759], [-37.0527594, -10.9184734], [-37.0524759, -10.9184684], [-37.0522165, -10.9184626], [-37.052091, -10.9184609], [-37.0517297, -10.9184559], [-37.0516592, -10.9184552], [-37.0515579, -10.9184547], [-37.0503773, -10.9184381], [-37.0503182, -10.9184355], [-37.0503071, -10.9184344], [-37.0501884, -10.9184345], [-37.0492236, -10.9184082], [-37.04915, -10.9184068], [-37.049055, -10.9184045], [-37.0486879, -10.9184063], [-37.0483143, -10.9183993], [-37.0482615, -10.9183968], [-37.0481664, -10.918395], [-37.0469141, -10.9183703], [-37.0468058, -10.9183589], [-37.0467164, -10.9183393], [-37.0467059, -10.918337], [-37.0418423, -10.9184589]]]}}, {"type": "Feature", "properties": {"nome": "13 de Julho", "municipio": "Aracaju", "fonte": "OpenStreetMap (Overpass API)", "osm_type": "relation", "osm_id": 4023077}, "geometry": {"type": "Polygon", "coordinates": [[[-37.0406247, -10.9239976], [-37.0402328, -10.9274521], [-37.0398946, -10.9316851], [-37.0398975, -10.9325598], [-37.0397768, -10.9368907], [-37.0480077, -10.9357073], [-37.0503926, -10.9355597], [-37.0506463, -10.9354934], [-37.0511638, -10.9352725], [-37.0517583, -10.9350007], [-37.0541964, -10.9338844], [-37.0541315, -10.9337565], [-37.0540174, -10.9335062], [-37.0528832, -10.9316374], [-37.0521913, -10.9306672], [-37.0516326, -10.9300138], [-37.051681, -10.9278735], [-37.051663, -10.927683], [-37.0516607, -10.9262194], [-37.0516672, -10.9254689], [-37.0515786, -10.9254676], [-37.051482, -10.9254662], [-37.0502974, -10.9254486], [-37.0491232, -10.9254442], [-37.0483873, -10.9254233], [-37.0482131, -10.9254183], [-37.0479683, -10.9254148], [-37.0475874, -10.9254092], [-37.0471028, -10.9254022], [-37.0463236, -10.9253909], [-37.0449817, -10.9253714], [-37.0440325, -10.9253827], [-37.0439896, -10.9253783], [-37.0439058, -10.9253688], [-37.043823, -10.9249405], [-37.0437914, -10.924803], [-37.0437804, -10.9247324], [-37.0436344, -10.9240198], [-37.0408632, -10.9240021], [-37.0406247, -10.9239976]]]}}, {"type": "Feature", "properties": {"nome": "Aruana", "municipio": "Aracaju", "fonte": "OpenStreetMap (Overpass API)", "osm_type": "relation", "osm_id": 4037793}, "geometry": {"type": "Polygon", "coordinates": [[[-37.0932637, -11.0143545], [-37.0928818, -11.0113453], [-37.0965275, -11.0028236], [-37.0965284, -11.0028214], [-37.094667, -10.9992919], [-37.0919765, -10.9945184], [-37.0812254, -10.9912639], [-37.0810769, -10.9913383], [-37.0807733, -10.9916963], [-37.0790487, -10.9937299], [-37.0773149, -10.9958613], [-37.0763674, -10.9966507], [-37.0758069, -10.9970268], [-37.0740344, -10.9980732], [-37.0720519, -10.9990459], [-37.0718397, -10.9991244], [-37.0713357, -10.999311], [-37.0712357, -10.999348], [-37.0704793, -10.9995602], [-37.0702274, -10.9996309], [-37.0699613, -10.9997648], [-37.0694116, -10.9998697], [-37.0690813, -11.0000213], [-37.0680543, -10.998749], [-37.0678198, -10.9984585], [-37.0658269, -10.9964074], [-37.065662, -10.9965072], [-37.0648745, -10.9969533], [-37.0640299, -10.9974157], [-37.0634531, -10.9977284], [-37.0627632, -10.9981062], [-37.0618468, -10.9986046], [-37.0607394, -10.9992021], [-37.0600676, -10.9995672], [-37.0599703, -10.99965], [-37.0597658, -10.9999152], [-37.0592937, -11.000088], [-37.058914, -11.0002706], [-37.0584394, -11.0005115], [-37.0580086, -11.0007549], [-37.0572598, -11.0012215], [-37.0550465, -11.0025836], [-37.0568291, -11.0047185], [-37.0581172, -11.0061874], [-37.0592765, -11.0077167], [-37.0617912, -11.010945], [-37.0633185, -11.0128537], [-37.0661589, -11.0167591], [-37.0663909, -11.0170781], [-37.0675155, -11.018679], [-37.0686143, -11.0201766], [-37.0695121, -11.0214282], [-37.0714537, -11.0241353], [-37.0728618, -11.0262368], [-37.0752431, -11.0252397], [-37.0755905, -11.0251238], [-37.0759526, -11.0249685], [-37.0764407, -11.0247273], [-37.076504, -11.0246961], [-37.0765547, -11.024671], [-37.0766026, -11.0246492], [-37.0768278, -11.0245468], [-37.0779642, -11.0240299], [-37.0782982, -11.0238786], [-37.0786831, -11.0236772], [-37.0796755, -11.0230743], [-37.0802978, -11.0226846], [-37.0805147, -11.0225472], [-37.0805609, -11.0225179], [-37.0807203, -11.0224169], [-37.0809873, -11.0222478], [-37.0814209, -11.0219731], [-37.0820486, -11.0216146], [-37.0821537, -11.0215636], [-37.0826541, -11.0213498], [-37.0835674, -11.0209635], [-37.0840596, -11.0207456], [-37.0846313, -11.0204774], [-37.0844114, -11.0201926], [-37.0855147, -11.0194477], [-37.0864669, -11.0188119], [-37.0869912, -11.0184749], [-37.0874646, -11.018155], [-37.0876873, -11.0180233], [-37.0878562, -11.0179299], [-37.0880547, -11.0178114], [-37.0884642, -11.017536], [-37.0892973, -11.0169936], [-37.0916489, -11.0154485], [-37.093042, -11.0145047], [-37.0932637, -11.0143545]]]}}, {"type": "Feature", "properties": {"nome": "Dom Luciano", "municipio": "Aracaju", "fonte": "OpenStreetMap (Overpass API)", "osm_type": "relation", "osm_id": 14618043}, "geometry": {"type": "Polygon", "coordinates": [[[-37.0727701, -10.881602], [-37.0728023, -10.8820596], [-37.0728199, -10.8822563], [-37.0728332, -10.8823494], [-37.0729051, -10.8826159], [-37.07295, -10.8827509], [-37.0730303, -10.8829367], [-37.073198, -10.8833179], [-37.0733254, -10.8834108], [-37.0733991, -10.8834688], [-37.0737559, -10.8837256], [-37.0739919, -10.8838915], [-37.07447, -10.8842438], [-37.0746879, -10.8843894], [-37.0748287, -10.8844776], [-37.0747697, -10.8846126], [-37.0747282, -10.8847199], [-37.074704, -10.884793], [-37.0746826, -10.8849109], [-37.0746531, -10.8850953], [-37.0746544, -10.8856905], [-37.0746551, -10.8858426], [-37.0746578, -10.885921], [-37.0746618, -10.8860402], [-37.0746806, -10.8861403], [-37.0746987, -10.8862107], [-37.0747268, -10.8862667], [-37.0748013, -10.8863675], [-37.0749079, -10.8864768], [-37.0750648, -10.8866401], [-37.075091, -10.8866726], [-37.0753884, -10.8869139], [-37.0754088, -10.8869311], [-37.0756643, -10.8871273], [-37.0757561, -10.887205], [-37.0758574, -10.8873025], [-37.0759962, -10.8874401], [-37.0763653, -10.8877125], [-37.0766915, -10.8879662], [-37.0767091, -10.8880059], [-37.0768042, -10.8882204], [-37.0768803, -10.8883859], [-37.0769618, -10.8885418], [-37.0770168, -10.8886247], [-37.0771026, -10.8887439], [-37.0773253, -10.8889919], [-37.0773829, -10.8890705], [-37.0777114, -10.889451], [-37.0777465, -10.8894911], [-37.0784083, -10.8890936], [-37.0788291, -10.8888515], [-37.0793678, -10.8885196], [-37.0795172, -10.8883804], [-37.0801368, -10.888017], [-37.0805003, -10.8878049], [-37.0806954, -10.8876871], [-37.0810915, -10.8874692], [-37.0813948, -10.8872986], [-37.0815734, -10.8871755], [-37.0823819, -10.8866822], [-37.0827111, -10.886488], [-37.0828848, -10.8863819], [-37.0829806, -10.8863023], [-37.0831034, -10.8861613], [-37.0831988, -10.8860287], [-37.0832923, -10.8858437], [-37.0833857, -10.8856586], [-37.0832402, -10.8854429], [-37.0828915, -10.8849273], [-37.0824593, -10.8842768], [-37.0823141, -10.8840529], [-37.0819165, -10.8834306], [-37.0817669, -10.8832179], [-37.0815906, -10.882965], [-37.08148, -10.8828011], [-37.0814049, -10.8826885], [-37.081264, -10.8824837], [-37.0811788, -10.8823521], [-37.0810756, -10.8821926], [-37.0809964, -10.8820672], [-37.080908, -10.8819273], [-37.0807991, -10.8817635], [-37.0806364, -10.8815164], [-37.0805398, -10.8813616], [-37.0804124, -10.8811805], [-37.080374, -10.8811228], [-37.0800953, -10.8807044], [-37.0798995, -10.8804035], [-37.0797493, -10.8801895], [-37.0796024, -10.8799882], [-37.0795421, -10.8799057], [-37.0795308, -10.8798885], [-37.0795077, -10.8798532], [-37.0792785, -10.879504], [-37.0791684, -10.8793218], [-37.0791417, -10.8792775], [-37.0790815, -10.879193], [-37.0786402, -10.8784803], [-37.0784336, -10.8781468], [-37.0779991, -10.8775106], [-37.0771616, -10.8775091], [-37.076691, -10.8775848], [-37.0762423, -10.8776569], [-37.0758218, -10.8777214], [-37.0756957, -10.8777286], [-37.0755781, -10.8777787], [-37.0754919, -10.8778064], [-37.0754031, -10.8778505], [-37.0753357, -10.8778854], [-37.0752814, -10.8779239], [-37.0751814, -10.8779895], [-37.0750574, -10.878135], [-37.0749971, -10.878214], [-37.0749441, -10.8782923], [-37.0748898, -10.8783891], [-37.0747583, -10.8786765], [-37.0747355, -10.8787263], [-37.0746182, -10.8789871], [-37.0745431, -10.8791484], [-37.0744574, -10.8793199], [-37.0744063, -10.8794222], [-37.0743158, -10.8796363], [-37.0741441, -10.8800408], [-37.0741319, -10.8800724], [-37.074012, -10.8803581], [-37.0738913, -10.8806122], [-37.0738759, -10.8806491], [-37.0737602, -10.8809191], [-37.0736915, -10.8810403], [-37.0736358, -10.8811147], [-37.073546, -10.8812279], [-37.0734736, -10.8813023], [-37.0733482, -10.8813919], [-37.073202, -10.8814663], [-37.0730357, -10.8815348], [-37.0728835, -10.881575], [-37.0727701, -10.881602]]]}}, {"type": "Feature", "properties": {"nome": "17 de Março", "municipio": "Aracaju", "fonte": "OpenStreetMap (Overpass API)", "osm_type": "relation", "osm_id": 14618353}, "geometry": {"type": "Polygon", "coordinates": [[[-37.0965284, -11.0028214], [-37.0998286, -11.0099284], [-37.1058244, -11.0071047], [-37.105732, -11.0068919], [-37.1056162, -11.006673], [-37.1052819, -11.0060889], [-37.1048664, -11.0052456], [-37.1044506, -11.0044657], [-37.1042787, -11.0041572], [-37.104225, -11.0039761], [-37.1041526, -11.0038401], [-37.1041075, -11.0037404], [-37.1040349, -11.0036585], [-37.1039443, -11.0035133], [-37.103782, -11.0031417], [-37.1037096, -11.0030147], [-37.1036554, -11.0029059], [-37.1035828, -11.002806], [-37.1035103, -11.0027061], [-37.1033929, -11.0024613], [-37.1032212, -11.0021258], [-37.1031488, -11.0019988], [-37.1031206, -11.0019377], [-37.1030945, -11.0019171], [-37.1030634, -11.0018812], [-37.1030432, -11.0018159], [-37.103023, -11.0017546], [-37.1030015, -11.0016954], [-37.102987, -11.001672], [-37.1029624, -11.0016321], [-37.1029415, -11.0015903], [-37.1029153, -11.0015621], [-37.1029048, -11.0015272], [-37.1028971, -11.0014692], [-37.1028628, -11.0014099], [-37.1028507, -11.0013614], [-37.1027833, -11.0012618], [-37.1027322, -11.0011346], [-37.1027149, -11.0011015], [-37.1026904, -11.0010242], [-37.1026473, -11.0009427], [-37.1025571, -11.000833], [-37.1025181, -11.0007185], [-37.1024319, -11.000631], [-37.1023283, -11.0004668], [-37.102265, -11.000316], [-37.1022138, -11.0001854], [-37.1021357, -11.0000561], [-37.1019727, -10.9997263], [-37.1019109, -10.9995579], [-37.1017302, -10.9992141], [-37.101651, -10.9991244], [-37.1015233, -10.9988192], [-37.1014437, -10.9987137], [-37.1013362, -10.9985898], [-37.1012727, -10.9983677], [-37.1001048, -10.9958781], [-37.099305, -10.9943792], [-37.0992431, -10.9943146], [-37.0989218, -10.9937798], [-37.0988865, -10.9937316], [-37.0984554, -10.9931432], [-37.0981005, -10.9922503], [-37.0979115, -10.9918399], [-37.0975243, -10.9910762], [-37.0970019, -10.9902522], [-37.0967218, -10.9896921], [-37.0964875, -10.9892748], [-37.0963125, -10.9890243], [-37.0960971, -10.9885935], [-37.0958489, -10.9880506], [-37.0956557, -10.9876281], [-37.0946079, -10.9880769], [-37.0938923, -10.9870488], [-37.0815191, -10.9911166], [-37.0812254, -10.9912639], [-37.0919765, -10.9945184], [-37.094667, -10.9992919], [-37.0965284, -11.0028214]]]}}, {"type": "Feature", "properties": {"nome": "Robalo", "municipio": "Aracaju", "fonte": "OpenStreetMap (Overpass API)", "osm_type": "relation", "osm_id": 14618354}, "geometry": {"type": "MultiPolygon", "coordinates": [[[[-37.0898524, -11.0380362], [-37.0893685, -11.0382604], [-37.0889896, -11.0376879], [-37.0888363, -11.0377464], [-37.0887831, -11.0377694], [-37.0885468, -11.0378593], [-37.08839, -11.0379446], [-37.0881976, -11.0380494], [-37.0879358, -11.0382395], [-37.0876079, -11.0384861], [-37.0875629, -11.0385333], [-37.0874525, -11.0386491], [-37.0874206, -11.038695], [-37.087229, -11.0389374], [-37.0871015, -11.03906], [-37.0869139, -11.0392404], [-37.086622, -11.0393882], [-37.0865095, -11.0394452], [-37.0861433, -11.0396019], [-37.0859155, -11.0396186], [-37.08566, -11.0396311], [-37.0898524, -11.0380362]]], [[[-37.0752431, -11.0252397], [-37.0728618, -11.0262368], [-37.0734192, -11.0270686], [-37.0763057, -11.0312], [-37.0793245, -11.0353192], [-37.0829375, -11.0405869], [-37.0852099, -11.0397605], [-37.0752431, -11.0252397]]], [[[-37.1062823, -11.0357321], [-37.1066491, -11.0356334], [-37.1069911, -11.0355327], [-37.1071775, -11.0354761], [-37.1073465, -11.0354182], [-37.107606, -11.0353083], [-37.1077468, -11.0352504], [-37.1082484, -11.0350286], [-37.1087513, -11.0348226], [-37.1089055, -11.0347581], [-37.109047, -11.0347061], [-37.1094152, -11.0346119], [-37.1098503, -11.0345106], [-37.1102533, -11.0344316], [-37.110533, -11.0343744], [-37.1107583, -11.0343158], [-37.1111519, -11.0342217], [-37.1114536, -11.0341578], [-37.1120156, -11.0340703], [-37.1131334, -11.0346031], [-37.1145419, -11.0338023], [-37.1152435, -11.0334034], [-37.1154293, -11.0332977], [-37.1154648, -11.0320324], [-37.1150987, -11.0306019], [-37.113732, -11.0296894], [-37.1126442, -11.0280917], [-37.1121433, -11.0262897], [-37.1121009, -11.0257791], [-37.1119819, -11.0243452], [-37.1121794, -11.0234967], [-37.1113271, -11.0222801], [-37.111018, -11.0219709], [-37.1109452, -11.0219071], [-37.1106096, -11.021444], [-37.1105477, -11.0211092], [-37.1105878, -11.020549], [-37.110635, -11.0203233], [-37.1107007, -11.0200706], [-37.1109118, -11.0199725], [-37.1111499, -11.0199378], [-37.111269, -11.0199114], [-37.1114704, -11.0198946], [-37.1116173, -11.0198142], [-37.1117646, -11.0196795], [-37.1118663, -11.0195084], [-37.1119869, -11.019247], [-37.1118969, -11.0190114], [-37.1117342, -11.018694], [-37.1114715, -11.0182856], [-37.1112268, -11.0179225], [-37.1110474, -11.0173609], [-37.1097655, -11.0149019], [-37.1088521, -11.012954], [-37.1075689, -11.0104421], [-37.1071799, -11.0097527], [-37.1062758, -11.0080567], [-37.1060683, -11.0075944], [-37.1058244, -11.0071047], [-37.0998286, -11.0099284], [-37.0965284, -11.0028214], [-37.0965275, -11.0028236], [-37.0928818, -11.0113453], [-37.0932637, -11.0143545], [-37.093042, -11.0145047], [-37.0916489, -11.0154485], [-37.0892973, -11.0169936], [-37.0884642, -11.017536], [-37.0880547, -11.0178114], [-37.0878562, -11.0179299], [-37.0876873, -11.0180233], [-37.0874646, -11.018155], [-37.0869912, -11.0184749], [-37.0864669, -11.0188119], [-37.0855147, -11.0194477], [-37.0844114, -11.0201926], [-37.0846313, -11.0204774], [-37.0840596, -11.0207456], [-37.0835674, -11.0209635], [-37.0826541, -11.0213498], [-37.0821537, -11.0215636], [-37.0820486, -11.0216146], [-37.0814209, -11.0219731], [-37.0809873, -11.0222478], [-37.0807203, -11.0224169], [-37.0805609, -11.0225179], [-37.0805147, -11.0225472], [-37.0802978, -11.0226846], [-37.0796755, -11.0230743], [-37.0786831, -11.0236772], [-37.0782982, -11.0238786], [-37.0779642, -11.0240299], [-37.0768278, -11.0245468], [-37.0766026, -11.0246492], [-37.0765547, -11.024671], [-37.076504, -11.0246961], [-37.0764407, -11.0247273], [-37.0759526, -11.0249685], [-37.0755905, -11.0251238], [-37.0752431, -11.0252397], [-37.1062823, -11.0357321]]], [[[-37.1045174, -11.0335089], [-37.1047391, -11.0337881], [-37.1062823, -11.0357321], [-37.1045174, -11.0335089]]], [[[-37.0989458, -11.0365528], [-37.0993844, -11.0362929], [-37.0999791, -11.0359506], [-37.1004331, -11.0356867], [-37.1009186, -11.0354024], [-37.1013209, -11.0351668], [-37.101732, -11.034943], [-37.1021464, -11.0347087], [-37.1024776, -11.0345126], [-37.1026493, -11.0344033], [-37.1027408, -11.0343574], [-37.1028263, -11.0343145], [-37.1031093, -11.034194], [-37.1034687, -11.0340361], [-37.1039495, -11.0337846], [-37.1045174, -11.0335089], [-37.0989458, -11.0365528]]], [[[-37.0968714, -11.0370205], [-37.0974459, -11.036701], [-37.0975206, -11.0366689], [-37.0975961, -11.0366607], [-37.0976757, -11.0366756], [-37.0977844, -11.0367174], [-37.0979467, -11.0367838], [-37.0980808, -11.0368299], [-37.0981848, -11.0368372], [-37.0983095, -11.0368279], [-37.0984402, -11.036795], [-37.0985857, -11.0367404], [-37.0987266, -11.0366805], [-37.0989458, -11.0365528], [-37.0968714, -11.0370205]]], [[[-37.0898524, -11.0380362], [-37.0898753, -11.038112], [-37.089945, -11.0381633], [-37.0900241, -11.0382528], [-37.0901238, -11.0384708], [-37.0902284, -11.0386642], [-37.0902918, -11.0387756], [-37.0903694, -11.0389711], [-37.0904886, -11.0391302], [-37.0906491, -11.039301], [-37.0909783, -11.0394704], [-37.0911372, -11.0396889], [-37.0913042, -11.0399087], [-37.0915825, -11.0402766], [-37.0920214, -11.0408831], [-37.0921987, -11.0408413], [-37.0924106, -11.0407775], [-37.0926037, -11.0407156], [-37.0926496, -11.0406999], [-37.0928299, -11.040638], [-37.0930879, -11.040559], [-37.0931797, -11.0405254], [-37.0933058, -11.0404793], [-37.0935258, -11.0403885], [-37.093857, -11.0402181], [-37.0943418, -11.0399587], [-37.0944644, -11.0398948], [-37.0946006, -11.0398238], [-37.0946965, -11.0397876], [-37.0948025, -11.0397593], [-37.0949695, -11.039735], [-37.0955206, -11.0396415], [-37.0956983, -11.0396112], [-37.0959277, -11.0395843], [-37.0962355, -11.0395691], [-37.0963709, -11.0395421], [-37.0965285, -11.0394809], [-37.0966257, -11.0394447], [-37.0967216, -11.0394125], [-37.0968148, -11.0394085], [-37.0969114, -11.0394257], [-37.0970817, -11.0394855], [-37.0971736, -11.0394987], [-37.0972829, -11.0394829], [-37.0973935, -11.0394454], [-37.097543, -11.0394013], [-37.0976879, -11.0393644], [-37.0977885, -11.0393355], [-37.0978803, -11.0392967], [-37.0979729, -11.0392407], [-37.0982987, -11.0390071], [-37.0898524, -11.0380362]]]]}}, {"type": "Feature", "properties": {"nome": "São José dos Náufragos", "municipio": "Aracaju", "fonte": "OpenStreetMap (Overpass API)", "osm_type": "relation", "osm_id": 14618355}, "geometry": {"type": "MultiPolygon", "coordinates": [[[[-37.0898524, -11.0380362], [-37.0893685, -11.0382604], [-37.0889896, -11.0376879], [-37.0888363, -11.0377464], [-37.0887831, -11.0377694], [-37.0885468, -11.0378593], [-37.08839, -11.0379446], [-37.0881976, -11.0380494], [-37.0879358, -11.0382395], [-37.0876079, -11.0384861], [-37.0875629, -11.0385333], [-37.0874525, -11.0386491], [-37.0874206, -11.038695], [-37.087229, -11.0389374], [-37.0871015, -11.03906], [-37.0869139, -11.0392404], [-37.086622, -11.0393882], [-37.0865095, -11.0394452], [-37.0861433, -11.0396019], [-37.0859155, -11.0396186], [-37.08566, -11.0396311], [-37.0898524, -11.0380362]]], [[[-37.1000343, -11.061069], [-37.0998984, -11.0610819], [-37.0997798, -11.0610977], [-37.0997303, -11.0611512], [-37.0996922, -11.0612132], [-37.0996666, -11.0612812], [-37.0996545, -11.0613527], [-37.0996563, -11.0614252], [-37.0977957, -11.0624909], [-37.0966399, -11.060747], [-37.0924735, -11.0547147], [-37.0917848, -11.0537075], [-37.0887787, -11.0493114], [-37.0842987, -11.04262], [-37.0829375, -11.0405869], [-37.0852099, -11.0397605], [-37.1000343, -11.061069]]], [[[-37.1110681, -11.0571331], [-37.1109125, -11.0572194], [-37.1094717, -11.0580475], [-37.1091913, -11.0581749], [-37.1089035, -11.0582638], [-37.1076187, -11.0586033], [-37.1067403, -11.0588399], [-37.1059772, -11.0590528], [-37.1053603, -11.0592404], [-37.10462, -11.0594812], [-37.1042506, -11.0596181], [-37.1032387, -11.059963], [-37.1021605, -11.0603262], [-37.1013163, -11.0606063], [-37.1013035, -11.0606105], [-37.100101, -11.0610112], [-37.1000343, -11.061069], [-37.1110681, -11.0571331]]], [[[-37.1116901, -11.0573142], [-37.1114895, -11.0572161], [-37.1113745, -11.0571693], [-37.111237, -11.0571285], [-37.1116901, -11.0573142]]], [[[-37.1282637, -11.0500676], [-37.1276924, -11.0502124], [-37.1271895, -11.0503283], [-37.1266705, -11.0504283], [-37.1263647, -11.0504954], [-37.1260871, -11.0505981], [-37.1258162, -11.0507139], [-37.1252865, -11.0509508], [-37.124408, -11.0514102], [-37.12287, -11.0521851], [-37.1187097, -11.0542401], [-37.1150726, -11.0558643], [-37.1133184, -11.056604], [-37.1116901, -11.0573142], [-37.1282637, -11.0500676]]], [[[-37.1123761, -11.0385577], [-37.1136248, -11.0393248], [-37.1148669, -11.0396941], [-37.1160187, -11.0398821], [-37.118382, -11.039481], [-37.1197296, -11.0390916], [-37.1212003, -11.0380522], [-37.1223229, -11.0370648], [-37.1245666, -11.0411103], [-37.1251727, -11.0421988], [-37.1290958, -11.0498254], [-37.1123761, -11.0385577]]], [[[-37.1062823, -11.0357321], [-37.1066491, -11.0356334], [-37.1069911, -11.0355327], [-37.1071775, -11.0354761], [-37.1073465, -11.0354182], [-37.107606, -11.0353083], [-37.1077468, -11.0352504], [-37.1082484, -11.0350286], [-37.1087513, -11.0348226], [-37.1089055, -11.0347581], [-37.109047, -11.0347061], [-37.1094152, -11.0346119], [-37.1098503, -11.0345106], [-37.1102533, -11.0344316], [-37.110533, -11.0343744], [-37.1107583, -11.0343158], [-37.1111519, -11.0342217], [-37.1114536, -11.0341578], [-37.1120156, -11.0340703], [-37.1131334, -11.0346031], [-37.1119073, -11.0360237], [-37.1117149, -11.037505], [-37.1120695, -11.0380695], [-37.1123761, -11.0385577], [-37.1062823, -11.0357321]]], [[[-37.1045174, -11.0335089], [-37.1047391, -11.0337881], [-37.1062823, -11.0357321], [-37.1045174, -11.0335089]]], [[[-37.0989458, -11.0365528], [-37.0993844, -11.0362929], [-37.0999791, -11.0359506], [-37.1004331, -11.0356867], [-37.1009186, -11.0354024], [-37.1013209, -11.0351668], [-37.101732, -11.034943], [-37.1021464, -11.0347087], [-37.1024776, -11.0345126], [-37.1026493, -11.0344033], [-37.1027408, -11.0343574], [-37.1028263, -11.0343145], [-37.1031093, -11.034194], [-37.1034687, -11.0340361], [-37.1039495, -11.0337846], [-37.1045174, -11.0335089], [-37.0989458, -11.0365528]]], [[[-37.0968714, -11.0370205], [-37.0974459, -11.036701], [-37.0975206, -11.0366689], [-37.0975961, -11.0366607], [-37.0976757, -11.0366756], [-37.0977844, -11.0367174], [-37.0979467, -11.0367838], [-37.0980808, -11.0368299], [-37.0981848, -11.0368372], [-37.0983095, -11.0368279], [-37.0984402, -11.036795], [-37.0985857, -11.0367404], [-37.0987266, -11.0366805], [-37.0989458, -11.0365528], [-37.0968714, -11.0370205]]], [[[-37.0898524, -11.0380362], [-37.0898753, -11.038112], [-37.089945, -11.0381633], [-37.0900241, -11.0382528], [-37.0901238, -11.0384708], [-37.0902284, -11.0386642], [-37.0902918, -11.0387756], [-37.0903694, -11.0389711], [-37.0904886, -11.0391302], [-37.0906491, -11.039301], [-37.0909783, -11.0394704], [-37.0911372, -11.0396889], [-37.0913042, -11.0399087], [-37.0915825, -11.0402766], [-37.0920214, -11.0408831], [-37.0921987, -11.0408413], [-37.0924106, -11.0407775], [-37.0926037, -11.0407156], [-37.0926496, -11.0406999], [-37.0928299, -11.040638], [-37.0930879, -11.040559], [-37.0931797, -11.0405254], [-37.0933058, -11.0404793], [-37.0935258, -11.0403885], [-37.093857, -11.0402181], [-37.0943418, -11.0399587], [-37.0944644, -11.0398948], [-37.0946006, -11.0398238], [-37.0946965, -11.0397876], [-37.0948025, -11.0397593], [-37.0949695, -11.039735], [-37.0955206, -11.0396415], [-37.0956983, -11.0396112], [-37.0959277, -11.0395843], [-37.0962355, -11.0395691], [-37.0963709, -11.0395421], [-37.0965285, -11.0394809], [-37.0966257, -11.0394447], [-37.0967216, -11.0394125], [-37.0968148, -11.0394085], [-37.0969114, -11.0394257], [-37.0970817, -11.0394855], [-37.0971736, -11.0394987], [-37.0972829, -11.0394829], [-37.0973935, -11.0394454], [-37.097543, -11.0394013], [-37.0976879, -11.0393644], [-37.0977885, -11.0393355], [-37.0978803, -11.0392967], [-37.0979729, -11.0392407], [-37.0982987, -11.0390071], [-37.0898524, -11.0380362]]]]}}, {"type": "Feature", "properties": {"nome": "Areia Branca", "municipio": "Aracaju", "fonte": "OpenStreetMap (Overpass API)", "osm_type": "relation", "osm_id": 14618356}, "geometry": {"type": "Polygon", "coordinates": [[[-37.1116901, -11.0573142], [-37.1133184, -11.056604], [-37.1150726, -11.0558643], [-37.1187097, -11.0542401], [-37.12287, -11.0521851], [-37.124408, -11.0514102], [-37.1252865, -11.0509508], [-37.1258162, -11.0507139], [-37.1260871, -11.0505981], [-37.1263647, -11.0504954], [-37.1266705, -11.0504283], [-37.1271895, -11.0503283], [-37.1276924, -11.0502124], [-37.1282637, -11.0500676], [-37.1290958, -11.0498254], [-37.1329106, -11.0572343], [-37.1366371, -11.0598064], [-37.1383592, -11.0609922], [-37.1385934, -11.0615812], [-37.1390533, -11.0626598], [-37.1390996, -11.0627619], [-37.1391436, -11.0628592], [-37.1400009, -11.0633165], [-37.1408597, -11.0635387], [-37.1416571, -11.0633447], [-37.1421469, -11.0625884], [-37.1428497, -11.0614266], [-37.1439037, -11.0597156], [-37.1446131, -11.0589606], [-37.144798, -11.0587966], [-37.1451727, -11.058464], [-37.1453164, -11.0583365], [-37.1460395, -11.0576948], [-37.1469682, -11.0569773], [-37.1479789, -11.0563327], [-37.1491445, -11.0557974], [-37.1506113, -11.0553725], [-37.1517388, -11.055063], [-37.1533696, -11.0547657], [-37.1543673, -11.0547175], [-37.1555754, -11.0546978], [-37.155886, -11.0547901], [-37.1570738, -11.0550775], [-37.1584154, -11.0556552], [-37.1598167, -11.0569384], [-37.1610524, -11.0583651], [-37.1617499, -11.0595084], [-37.1632357, -11.0619129], [-37.1648129, -11.0643451], [-37.1659129, -11.0658787], [-37.1652592, -11.066136], [-37.1639013, -11.0671304], [-37.1619615, -11.0685455], [-37.1612921, -11.0697248], [-37.1609144, -11.0718475], [-37.1604337, -11.0732121], [-37.1592149, -11.0749978], [-37.159009, -11.075739], [-37.1590423, -11.0765693], [-37.158876, -11.0769907], [-37.1581848, -11.0777773], [-37.1571071, -11.0795005], [-37.1565436, -11.080021], [-37.1547411, -11.0805433], [-37.1533678, -11.0804927], [-37.1524924, -11.0801558], [-37.150332, -11.0791078], [-37.1488943, -11.0773389], [-37.1469761, -11.0751317], [-37.1462828, -11.0752239], [-37.1455968, -11.075293], [-37.145226, -11.0753463], [-37.144766, -11.0753713], [-37.1437226, -11.0754831], [-37.1431343, -11.0755333], [-37.142424, -11.0755937], [-37.1421543, -11.0756249], [-37.1415572, -11.0756676], [-37.1408017, -11.0757609], [-37.1398763, -11.0758701], [-37.1390811, -11.0759438], [-37.1375777, -11.0735853], [-37.1366777, -11.0735966], [-37.1363323, -11.073625], [-37.136116, -11.0736494], [-37.1348667, -11.0738726], [-37.1384709, -11.0792446], [-37.1368301, -11.079425], [-37.1361829, -11.0795052], [-37.1354553, -11.0795791], [-37.1348196, -11.0796373], [-37.134134, -11.0797011], [-37.1334382, -11.0797659], [-37.1327981, -11.0798571], [-37.132056, -11.0799628], [-37.1317877, -11.080001], [-37.1314127, -11.0800545], [-37.1311239, -11.0800974], [-37.1307608, -11.0801514], [-37.1306777, -11.0802975], [-37.1307354, -11.0806278], [-37.1300572, -11.0807107], [-37.1300041, -11.0807172], [-37.1291448, -11.0808003], [-37.1289168, -11.0808147], [-37.1286607, -11.0808239], [-37.1134316, -11.0597269], [-37.1116901, -11.0573142]]]}}, {"type": "Feature", "properties": {"nome": "Gameleira", "municipio": "Aracaju", "fonte": "OpenStreetMap (Overpass API)", "osm_type": "relation", "osm_id": 14618357}, "geometry": {"type": "Polygon", "coordinates": [[[-37.1286607, -11.0808239], [-37.1134316, -11.0597269], [-37.1116901, -11.0573142], [-37.1114895, -11.0572161], [-37.1113745, -11.0571693], [-37.111237, -11.0571285], [-37.1110681, -11.0571331], [-37.1109125, -11.0572194], [-37.1094717, -11.0580475], [-37.1091913, -11.0581749], [-37.1089035, -11.0582638], [-37.1076187, -11.0586033], [-37.1067403, -11.0588399], [-37.1059772, -11.0590528], [-37.1053603, -11.0592404], [-37.10462, -11.0594812], [-37.1042506, -11.0596181], [-37.1032387, -11.059963], [-37.1021605, -11.0603262], [-37.1013163, -11.0606063], [-37.1013035, -11.0606105], [-37.100101, -11.0610112], [-37.1000343, -11.061069], [-37.0998984, -11.0610819], [-37.0997798, -11.0610977], [-37.0997303, -11.0611512], [-37.0996922, -11.0612132], [-37.0996666, -11.0612812], [-37.0996545, -11.0613527], [-37.0996563, -11.0614252], [-37.0977957, -11.0624909], [-37.0993753, -11.0648742], [-37.100398, -11.0664174], [-37.101442, -11.0679926], [-37.1059174, -11.0744051], [-37.1096891, -11.0798937], [-37.1117216, -11.0828396], [-37.1145008, -11.0868676], [-37.1177146, -11.0914302], [-37.1199507, -11.0907528], [-37.1214524, -11.0902423], [-37.1217151, -11.0901509], [-37.1217788, -11.0901287], [-37.1221027, -11.0900181], [-37.1224232, -11.0899154], [-37.122454, -11.0899128], [-37.1224849, -11.08992], [-37.1226083, -11.0900062], [-37.1232429, -11.0898392], [-37.1236656, -11.0897257], [-37.1240441, -11.0897092], [-37.1242847, -11.0896724], [-37.1246616, -11.0895579], [-37.1259705, -11.0891091], [-37.1263017, -11.0889916], [-37.1266691, -11.0888889], [-37.1271707, -11.0887876], [-37.1273772, -11.0887582], [-37.1276656, -11.0887231], [-37.1278131, -11.0886967], [-37.128261, -11.0885888], [-37.1290228, -11.0883414], [-37.1295753, -11.0882151], [-37.1304551, -11.088015], [-37.132261, -11.0876668], [-37.13323, -11.08748], [-37.1286607, -11.0808239]]]}}, {"type": "Feature", "properties": {"nome": "Matapoã", "municipio": "Aracaju", "fonte": "OpenStreetMap (Overpass API)", "osm_type": "relation", "osm_id": 14618360}, "geometry": {"type": "Polygon", "coordinates": [[[-37.1659129, -11.0658787], [-37.166319, -11.0664425], [-37.1663644, -11.066506], [-37.1676711, -11.0682857], [-37.168597, -11.0695027], [-37.1690056, -11.0700295], [-37.1694596, -11.0706108], [-37.1700588, -11.0713828], [-37.1709095, -11.0729247], [-37.1714437, -11.0738409], [-37.1721675, -11.0751922], [-37.1728727, -11.0765796], [-37.173088, -11.077286], [-37.1733483, -11.0781012], [-37.1734825, -11.0786082], [-37.1735782, -11.0794043], [-37.1736913, -11.0803451], [-37.1735683, -11.0810042], [-37.1734366, -11.081582], [-37.1729457, -11.0825101], [-37.1722888, -11.0836632], [-37.1718548, -11.0842843], [-37.1711164, -11.0852923], [-37.1705349, -11.0860752], [-37.1698899, -11.0867764], [-37.1689413, -11.0877379], [-37.1679462, -11.0888075], [-37.1672008, -11.0894629], [-37.1621675, -11.0937803], [-37.1621307, -11.0938163], [-37.1482788, -11.0941912], [-37.1479122, -11.0942597], [-37.1478597, -11.0943158], [-37.1465939, -11.0946532], [-37.1462761, -11.094694], [-37.146032, -11.0947295], [-37.1457343, -11.0948414], [-37.1454513, -11.0949691], [-37.1450517, -11.0951086], [-37.1449095, -11.0951546], [-37.1447606, -11.095231], [-37.1446795, -11.0952908], [-37.1444803, -11.0954165], [-37.1443436, -11.0955086], [-37.144247, -11.0955429], [-37.1440834, -11.0955771], [-37.1437092, -11.0956402], [-37.1435633, -11.0952888], [-37.1433941, -11.0950572], [-37.1430977, -11.0946611], [-37.1428321, -11.0942979], [-37.1426296, -11.0940176], [-37.1425089, -11.0937991], [-37.1423892, -11.093591], [-37.142238, -11.0933148], [-37.1419939, -11.0929246], [-37.1416815, -11.0924765], [-37.141479, -11.0921554], [-37.1411692, -11.0915947], [-37.1410243, -11.0913473], [-37.1408724, -11.0911294], [-37.1404785, -11.0905643], [-37.1394324, -11.0890942], [-37.137398, -11.0891719], [-37.1370251, -11.0882954], [-37.136706, -11.0883638], [-37.1358222, -11.0884862], [-37.1350671, -11.0885796], [-37.1345454, -11.0886494], [-37.1341056, -11.0887428], [-37.13323, -11.08748], [-37.1286607, -11.0808239], [-37.1289168, -11.0808147], [-37.1291448, -11.0808003], [-37.1300041, -11.0807172], [-37.1300572, -11.0807107], [-37.1307354, -11.0806278], [-37.1306777, -11.0802975], [-37.1307608, -11.0801514], [-37.1311239, -11.0800974], [-37.1314127, -11.0800545], [-37.1317877, -11.080001], [-37.132056, -11.0799628], [-37.1327981, -11.0798571], [-37.1334382, -11.0797659], [-37.134134, -11.0797011], [-37.1348196, -11.0796373], [-37.1354553, -11.0795791], [-37.1361829, -11.0795052], [-37.1368301, -11.079425], [-37.1384709, -11.0792446], [-37.1348667, -11.0738726], [-37.136116, -11.0736494], [-37.1363323, -11.073625], [-37.1366777, -11.0735966], [-37.1375777, -11.0735853], [-37.1390811, -11.0759438], [-37.1398763, -11.0758701], [-37.1408017, -11.0757609], [-37.1415572, -11.0756676], [-37.1421543, -11.0756249], [-37.142424, -11.0755937], [-37.1431343, -11.0755333], [-37.1437226, -11.0754831], [-37.144766, -11.0753713], [-37.145226, -11.0753463], [-37.1455968, -11.075293], [-37.1462828, -11.0752239], [-37.1469761, -11.0751317], [-37.1488943, -11.0773389], [-37.150332, -11.0791078], [-37.1524924, -11.0801558], [-37.1533678, -11.0804927], [-37.1547411, -11.0805433], [-37.1565436, -11.080021], [-37.1571071, -11.0795005], [-37.1581848, -11.0777773], [-37.158876, -11.0769907], [-37.1590423, -11.0765693], [-37.159009, -11.075739], [-37.1592149, -11.0749978], [-37.1604337, -11.0732121], [-37.1609144, -11.0718475], [-37.1612921, -11.0697248], [-37.1619615, -11.0685455], [-37.1639013, -11.0671304], [-37.1652592, -11.066136], [-37.1659129, -11.0658787]]]}}, {"type": "Feature", "properties": {"nome": "Mosqueiro", "municipio": "Aracaju", "fonte": "OpenStreetMap (Overpass API)", "osm_type": "relation", "osm_id": 14618362}, "geometry": {"type": "Polygon", "coordinates": [[[-37.1177146, -11.0914302], [-37.119787, -11.0943724], [-37.1198826, -11.0945093], [-37.1221348, -11.097735], [-37.1239449, -11.1003719], [-37.125403, -11.1025711], [-37.1257321, -11.1030674], [-37.1284258, -11.1076084], [-37.1291411, -11.10869], [-37.1303432, -11.1105078], [-37.1321167, -11.1129863], [-37.1329321, -11.1141258], [-37.1349521, -11.1173325], [-37.1372005, -11.1213132], [-37.1406021, -11.1277619], [-37.1439824, -11.1338714], [-37.1443628, -11.1350109], [-37.1456629, -11.1389061], [-37.1459391, -11.1399227], [-37.1477721, -11.1466681], [-37.1509065, -11.1514492], [-37.1521678, -11.155373], [-37.1523791, -11.1570968], [-37.1525669, -11.1586286], [-37.1532387, -11.1607075], [-37.154509, -11.1616028], [-37.155405, -11.1611346], [-37.1577251, -11.1592557], [-37.1617591, -11.1546558], [-37.1634023, -11.1524053], [-37.1645324, -11.1503369], [-37.165525, -11.1433926], [-37.1653259, -11.1299472], [-37.1641946, -11.1213071], [-37.1643174, -11.1169368], [-37.1663878, -11.1053588], [-37.163488, -11.1021682], [-37.1626455, -11.1007709], [-37.1622515, -11.0993764], [-37.1619758, -11.0980911], [-37.1621416, -11.0964649], [-37.1620696, -11.0948102], [-37.1621307, -11.0938163], [-37.1482788, -11.0941912], [-37.1479122, -11.0942597], [-37.1478597, -11.0943158], [-37.1465939, -11.0946532], [-37.1462761, -11.094694], [-37.146032, -11.0947295], [-37.1457343, -11.0948414], [-37.1454513, -11.0949691], [-37.1450517, -11.0951086], [-37.1449095, -11.0951546], [-37.1447606, -11.095231], [-37.1446795, -11.0952908], [-37.1444803, -11.0954165], [-37.1443436, -11.0955086], [-37.144247, -11.0955429], [-37.1440834, -11.0955771], [-37.1437092, -11.0956402], [-37.1435633, -11.0952888], [-37.1433941, -11.0950572], [-37.1430977, -11.0946611], [-37.1428321, -11.0942979], [-37.1426296, -11.0940176], [-37.1425089, -11.0937991], [-37.1423892, -11.093591], [-37.142238, -11.0933148], [-37.1419939, -11.0929246], [-37.1416815, -11.0924765], [-37.141479, -11.0921554], [-37.1411692, -11.0915947], [-37.1410243, -11.0913473], [-37.1408724, -11.0911294], [-37.1404785, -11.0905643], [-37.1394324, -11.0890942], [-37.137398, -11.0891719], [-37.1370251, -11.0882954], [-37.136706, -11.0883638], [-37.1358222, -11.0884862], [-37.1350671, -11.0885796], [-37.1345454, -11.0886494], [-37.1341056, -11.0887428], [-37.13323, -11.08748], [-37.132261, -11.0876668], [-37.1304551, -11.088015], [-37.1295753, -11.0882151], [-37.1290228, -11.0883414], [-37.128261, -11.0885888], [-37.1278131, -11.0886967], [-37.1276656, -11.0887231], [-37.1273772, -11.0887582], [-37.1271707, -11.0887876], [-37.1266691, -11.0888889], [-37.1263017, -11.0889916], [-37.1259705, -11.0891091], [-37.1246616, -11.0895579], [-37.1242847, -11.0896724], [-37.1240441, -11.0897092], [-37.1236656, -11.0897257], [-37.1232429, -11.0898392], [-37.1226083, -11.0900062], [-37.1224849, -11.08992], [-37.122454, -11.0899128], [-37.1224232, -11.0899154], [-37.1221027, -11.0900181], [-37.1217788, -11.0901287], [-37.1217151, -11.0901509], [-37.1214524, -11.0902423], [-37.1199507, -11.0907528], [-37.1177146, -11.0914302]]]}}, {"type": "Feature", "properties": {"nome": "João Alves", "municipio": "Nossa Senhora do Socorro", "fonte": "OpenStreetMap (Overpass API)", "osm_type": "relation", "osm_id": 20389510}, "geometry": {"type": "Polygon", "coordinates": [[[-37.0859309, -10.8650513], [-37.0861239, -10.8650053], [-37.0862784, -10.8650423], [-37.0864267, -10.8650942], [-37.0865568, -10.865152], [-37.0866078, -10.8652513], [-37.0864793, -10.8654065], [-37.0865805, -10.865719], [-37.0868222, -10.8658855], [-37.0869403, -10.8659192], [-37.0871809, -10.8662626], [-37.0873802, -10.8664048], [-37.0874792, -10.8665884], [-37.0876557, -10.8665115], [-37.0879156, -10.8666661], [-37.0880686, -10.866949], [-37.0881848, -10.8672796], [-37.0883544, -10.8673407], [-37.0884613, -10.8672184], [-37.0885375, -10.8671738], [-37.0887503, -10.8671092], [-37.0888108, -10.8671365], [-37.0887793, -10.8673253], [-37.0890144, -10.8675727], [-37.0891122, -10.8674563], [-37.0893247, -10.8674427], [-37.0895371, -10.867438], [-37.0896261, -10.8672856], [-37.0897771, -10.8673945], [-37.090195, -10.8674061], [-37.0904771, -10.8674198], [-37.0909568, -10.8673718], [-37.0911638, -10.8672801], [-37.0912679, -10.8671308], [-37.0912507, -10.8669658], [-37.0911719, -10.8669593], [-37.0909013, -10.8670356], [-37.0907283, -10.8670495], [-37.0907045, -10.8669714], [-37.090814, -10.866939], [-37.0909243, -10.8667688], [-37.090922, -10.8666548], [-37.0909562, -10.866514], [-37.0910114, -10.8664274], [-37.0910877, -10.8663649], [-37.0911969, -10.8663656], [-37.0913328, -10.8664684], [-37.091484, -10.8665443], [-37.0916601, -10.8665334], [-37.0917608, -10.8664381], [-37.0918587, -10.8663157], [-37.0919022, -10.866151], [-37.0918268, -10.8660785], [-37.0916285, -10.8657684], [-37.0918201, -10.8657036], [-37.0921274, -10.8654453], [-37.0919087, -10.8650121], [-37.0918215, -10.8648826], [-37.0916917, -10.8647738], [-37.0913917, -10.8647089], [-37.091137, -10.8646954], [-37.0909664, -10.8648023], [-37.0908607, -10.8647116], [-37.0909218, -10.864646], [-37.0911622, -10.8645395], [-37.0912175, -10.8644319], [-37.0909618, -10.8640884], [-37.0907446, -10.8638831], [-37.0906263, -10.8638884], [-37.0904437, -10.8639712], [-37.0903926, -10.8638899], [-37.0903117, -10.8637335], [-37.0904152, -10.8636741], [-37.0905735, -10.8635941], [-37.0906897, -10.8634539], [-37.0906673, -10.8631666], [-37.0905677, -10.863076], [-37.0903861, -10.8630088], [-37.0903353, -10.8628796], [-37.0901511, -10.8627375], [-37.0900052, -10.8627785], [-37.0899317, -10.8628861], [-37.089774, -10.8628731], [-37.089569, -10.8626649], [-37.0895609, -10.8625088], [-37.0895174, -10.8623181], [-37.0894635, -10.8621948], [-37.0892821, -10.8620917], [-37.0888644, -10.8619362], [-37.088716, -10.8618902], [-37.0885883, -10.8619314], [-37.0884944, -10.8619129], [-37.0883406, -10.8617559], [-37.0880893, -10.8616764], [-37.0877651, -10.8615904], [-37.08756, -10.8614032], [-37.0871324, -10.8613645], [-37.0870526, -10.8610371], [-37.086995, -10.8610337], [-37.0868886, -10.8610601], [-37.0867908, -10.8611614], [-37.0865885, -10.8610102], [-37.0859761, -10.8604545], [-37.0858142, -10.8601566], [-37.0857635, -10.8600183], [-37.0856519, -10.8599127], [-37.0854845, -10.8599806], [-37.0853907, -10.85995], [-37.0853468, -10.8596948], [-37.0854503, -10.8596385], [-37.0854635, -10.8594796], [-37.0853695, -10.859461], [-37.0852831, -10.8592085], [-37.0854983, -10.8592579], [-37.0855628, -10.8591233], [-37.0856093, -10.8589706], [-37.0856612, -10.85892], [-37.0857886, -10.8589238], [-37.0860196, -10.8589807], [-37.0861571, -10.8588286], [-37.086228, -10.8586611], [-37.0861741, -10.8585438], [-37.0862876, -10.8583585], [-37.0864912, -10.8583028], [-37.0866982, -10.8581931], [-37.0868932, -10.8580653], [-37.0869518, -10.8579307], [-37.0870558, -10.8577904], [-37.0872717, -10.8577108], [-37.0873976, -10.8574866], [-37.087532, -10.8573405], [-37.087615, -10.8571761], [-37.0875826, -10.8570259], [-37.0875346, -10.8569386], [-37.0875835, -10.8568729], [-37.0877204, -10.8568138], [-37.0880157, -10.8565404], [-37.0881733, -10.8560945], [-37.0883295, -10.8558616], [-37.0883764, -10.8556467], [-37.0881704, -10.8556004], [-37.0881149, -10.8552551], [-37.0881494, -10.8550784], [-37.0882273, -10.8547669], [-37.0881586, -10.8545956], [-37.0882601, -10.8543772], [-37.0884512, -10.8543934], [-37.0890141, -10.8543333], [-37.089129, -10.853931], [-37.0889576, -10.8534986], [-37.088957, -10.853497], [-37.088673, -10.853232], [-37.088524, -10.852878], [-37.088478, -10.852642], [-37.088458, -10.85255], [-37.0830329, -10.8524137], [-37.0826841, -10.8524089], [-37.078907, -10.852357], [-37.078894, -10.852616], [-37.078672, -10.85261], [-37.07867, -10.852663], [-37.0786132, -10.8526643], [-37.078598, -10.8528032], [-37.0786842, -10.8528352], [-37.0786632, -10.8530405], [-37.0786298, -10.8531595], [-37.0785546, -10.8531853], [-37.0785898, -10.853367], [-37.0785248, -10.8534581], [-37.0785575, -10.853558], [-37.0785842, -10.8538841], [-37.0785691, -10.8541202], [-37.0785292, -10.8541811], [-37.0784072, -10.8542853], [-37.0782991, -10.8543121], [-37.0782303, -10.8546794], [-37.0782657, -10.8546935], [-37.0782586, -10.8548471], [-37.0783948, -10.8549087], [-37.0783441, -10.8552421], [-37.0783998, -10.8553069], [-37.0784597, -10.8553208], [-37.0786265, -10.85533], [-37.0786889, -10.8553004], [-37.0787244, -10.8551957], [-37.0786873, -10.855074], [-37.0786788, -10.854984], [-37.0787306, -10.8549513], [-37.0788013, -10.8550402], [-37.0789512, -10.8550786], [-37.0790087, -10.8551], [-37.0788483, -10.8555159], [-37.0789568, -10.8556245], [-37.0791371, -10.8556692], [-37.0791438, -10.8557997], [-37.0790928, -10.8559493], [-37.0790633, -10.8560646], [-37.0790245, -10.8561933], [-37.0791167, -10.8562479], [-37.0791812, -10.8563578], [-37.0791325, -10.8563904], [-37.079046, -10.8563914], [-37.0789179, -10.8564971], [-37.0788746, -10.8566213], [-37.0788764, -10.8568204], [-37.0789333, -10.8571656], [-37.0788793, -10.8573074], [-37.0790074, -10.8574402], [-37.0790312, -10.8575168], [-37.0790075, -10.8576681], [-37.0789416, -10.8577682], [-37.0788818, -10.8578728], [-37.0788132, -10.8579248], [-37.0788001, -10.8580743], [-37.0787385, -10.8582209], [-37.0786708, -10.8583674], [-37.0786777, -10.858471], [-37.0786512, -10.8585773], [-37.0782845, -10.8589915], [-37.0781277, -10.8590685], [-37.0781605, -10.8591662], [-37.0781421, -10.8592021], [-37.0780095, -10.8590588], [-37.0779547, -10.8590779], [-37.0778896, -10.8590565], [-37.077796, -10.8592209], [-37.0778828, -10.8592975], [-37.07785, -10.8594383], [-37.0778022, -10.8595625], [-37.0778941, -10.8596545], [-37.0779389, -10.8597703], [-37.0779125, -10.8598721], [-37.0779972, -10.8599067], [-37.0780049, -10.8600027], [-37.0779563, -10.8600137], [-37.0779052, -10.8600396], [-37.077929, -10.8602245], [-37.0779872, -10.8602062], [-37.0780156, -10.8602724], [-37.078073, -10.860323], [-37.0780613, -10.8603686], [-37.0780539, -10.8604571], [-37.0780637, -10.8605808], [-37.0780952, -10.8607668], [-37.0782331, -10.8608959], [-37.078265, -10.8610228], [-37.0783841, -10.8611263], [-37.0786064, -10.8612416], [-37.0787951, -10.8612713], [-37.0788525, -10.8613182], [-37.0788489, -10.8613639], [-37.07895, -10.86145], [-37.079351, -10.861399], [-37.079709, -10.861575], [-37.080493, -10.861541], [-37.081273, -10.861639], [-37.081594, -10.86171], [-37.082801, -10.862076], [-37.083573, -10.862341], [-37.08396, -10.862587], [-37.084314, -10.862841], [-37.084692, -10.863198], [-37.085208, -10.863761], [-37.085579, -10.864489], [-37.08589, -10.864966], [-37.0859309, -10.8650513]]]}}, {"type": "Feature", "properties": {"nome": "Mangabeira", "municipio": "Nossa Senhora do Socorro", "fonte": "OpenStreetMap (Overpass API)", "osm_type": "relation", "osm_id": 20389512}, "geometry": {"type": "Polygon", "coordinates": [[[-37.0765407, -10.8619618], [-37.0765515, -10.8619201], [-37.0765245, -10.8618765], [-37.0764943, -10.8618463], [-37.0763699, -10.8618545], [-37.0762893, -10.8618855], [-37.0762486, -10.8618447], [-37.0762839, -10.8617715], [-37.0763509, -10.8617389], [-37.0764222, -10.8617333], [-37.0764318, -10.8616629], [-37.0764316, -10.861459], [-37.0764368, -10.8613585], [-37.0764567, -10.8613182], [-37.076398, -10.8612503], [-37.0763725, -10.8612097], [-37.0762695, -10.8611835], [-37.0762012, -10.8609432], [-37.0762024, -10.8607632], [-37.0762335, -10.8606449], [-37.0762752, -10.8605207], [-37.0764226, -10.8604902], [-37.0765379, -10.8604879], [-37.0766942, -10.8604889], [-37.0768776, -10.860514], [-37.0769866, -10.8604526], [-37.0770263, -10.8604229], [-37.0773566, -10.8603755], [-37.0774789, -10.8603477], [-37.077557, -10.8603535], [-37.077578, -10.8603881], [-37.0776418, -10.860369], [-37.0776998, -10.8603146], [-37.0778369, -10.860227], [-37.077929, -10.8602245], [-37.0779052, -10.8600396], [-37.0778942, -10.8600461], [-37.0779005, -10.860093], [-37.0778356, -10.8601095], [-37.0778124, -10.8600625], [-37.0777385, -10.8600159], [-37.0776355, -10.859995], [-37.0775198, -10.8600595], [-37.0774673, -10.8600839], [-37.0774028, -10.8600858], [-37.0773514, -10.8600787], [-37.0772311, -10.8600337], [-37.0771347, -10.8600459], [-37.0770517, -10.8600903], [-37.0769765, -10.8601049], [-37.0768437, -10.8601138], [-37.0766429, -10.8600878], [-37.0765581, -10.8599485], [-37.0764306, -10.8599552], [-37.0763149, -10.860019], [-37.0761738, -10.8600166], [-37.0761877, -10.8599732], [-37.0762758, -10.8599588], [-37.0763248, -10.8598841], [-37.0764407, -10.8597918], [-37.0765068, -10.8596648], [-37.0764785, -10.8595731], [-37.07647, -10.8594861], [-37.0765327, -10.859404], [-37.0766271, -10.8593521], [-37.076713, -10.8592012], [-37.0766589, -10.8591289], [-37.0765865, -10.8590624], [-37.076603, -10.8588571], [-37.0767472, -10.8588445], [-37.0768617, -10.8587237], [-37.0769861, -10.858723], [-37.0771033, -10.8586653], [-37.0771662, -10.8585592], [-37.0772288, -10.8585056], [-37.0773282, -10.8583806], [-37.0773312, -10.8581422], [-37.0772652, -10.8580263], [-37.0772192, -10.8578641], [-37.0772063, -10.857744], [-37.0771644, -10.8576628], [-37.0771543, -10.857512], [-37.0772847, -10.8572939], [-37.0774177, -10.8571252], [-37.0775665, -10.8568757], [-37.0776114, -10.8567365], [-37.0776004, -10.856549], [-37.077568, -10.8564049], [-37.077589, -10.8562085], [-37.0776444, -10.8560814], [-37.077669, -10.8557959], [-37.077746, -10.8556089], [-37.077813, -10.8555673], [-37.0778445, -10.8553966], [-37.0778741, -10.8552708], [-37.0779615, -10.8551214], [-37.0780382, -10.8550019], [-37.0780619, -10.8548491], [-37.0781305, -10.854797], [-37.078172, -10.8547088], [-37.0782303, -10.8546794], [-37.0782991, -10.8543121], [-37.078159, -10.8543096], [-37.078192, -10.8538993], [-37.0781669, -10.8537867], [-37.0781874, -10.8536608], [-37.0781701, -10.8535273], [-37.0781207, -10.8534265], [-37.0781379, -10.8533336], [-37.0781378, -10.8531207], [-37.0782553, -10.8530999], [-37.0782568, -10.8530531], [-37.078258, -10.8530147], [-37.0779211, -10.8529397], [-37.077736, -10.8528781], [-37.0757259, -10.8528592], [-37.0745016, -10.8528412], [-37.074502, -10.8528538], [-37.0745154, -10.8533022], [-37.0743179, -10.8533066], [-37.0722132, -10.8559505], [-37.0719944, -10.8568082], [-37.0719279, -10.8568419], [-37.0716227, -10.8575579], [-37.0711609, -10.8578929], [-37.0709694, -10.858173], [-37.071163, -10.858299], [-37.071453, -10.858661], [-37.071648, -10.859008], [-37.071743, -10.859307], [-37.071764, -10.859602], [-37.071785, -10.860002], [-37.0716077, -10.8603682], [-37.0717074, -10.8606162], [-37.072266, -10.860522], [-37.0725383, -10.8606473], [-37.0726274, -10.8608087], [-37.072743, -10.8609042], [-37.0727918, -10.8609993], [-37.0728286, -10.861146], [-37.0727989, -10.8612463], [-37.0727112, -10.861332], [-37.0725916, -10.8614002], [-37.0724808, -10.8614569], [-37.0724076, -10.8615426], [-37.0723395, -10.8617461], [-37.07225, -10.8621096], [-37.0721989, -10.8623621], [-37.0721424, -10.8625685], [-37.0719464, -10.8627713], [-37.0717796, -10.8629569], [-37.0715054, -10.8631132], [-37.0714118, -10.8632131], [-37.0713701, -10.863368], [-37.071157, -10.8635217], [-37.0709123, -10.8636207], [-37.0707776, -10.8637721], [-37.0707728, -10.8640701], [-37.0708608, -10.8643924], [-37.0708736, -10.8646596], [-37.0710037, -10.8647753], [-37.0709415, -10.8649501], [-37.0712297, -10.8648744], [-37.0713103, -10.8649869], [-37.0715122, -10.8653309], [-37.071767, -10.8649583], [-37.072021, -10.8647003], [-37.072275, -10.8644303], [-37.072772, -10.8640543], [-37.073246, -10.8638093], [-37.073603, -10.8635883], [-37.073852, -10.8635603], [-37.074058, -10.8633853], [-37.074526, -10.8632233], [-37.074902, -10.8630533], [-37.075352, -10.8627713], [-37.075761, -10.8624243], [-37.076076, -10.8620703], [-37.076346, -10.8620003], [-37.076403, -10.8619353], [-37.0765407, -10.8619618]]]}}, {"type": "Feature", "properties": {"nome": "Marcos Freire I", "municipio": "Nossa Senhora do Socorro", "fonte": "OpenStreetMap (Overpass API)", "osm_type": "relation", "osm_id": 20389656}, "geometry": {"type": "Polygon", "coordinates": [[[-37.068232, -10.836099], [-37.067514, -10.836478], [-37.067087, -10.836742], [-37.066682, -10.837069], [-37.066336, -10.837474], [-37.0661766, -10.8377266], [-37.0660414, -10.8379819], [-37.065864, -10.83847], [-37.06579, -10.83885], [-37.065757, -10.839219], [-37.065718, -10.844821], [-37.065713, -10.845116], [-37.065665, -10.845465], [-37.065563, -10.84585], [-37.065375, -10.8463062], [-37.065166, -10.846647], [-37.0645449, -10.8473828], [-37.072037, -10.851727], [-37.072403, -10.851889], [-37.0727984, -10.8520308], [-37.0733526, -10.8521773], [-37.0739211, -10.8522644], [-37.0743075, -10.8522921], [-37.0764288, -10.8522951], [-37.0760378, -10.8518956], [-37.0760013, -10.8515135], [-37.0716088, -10.846901], [-37.0712629, -10.8472215], [-37.067626, -10.843593], [-37.067592, -10.843553], [-37.067623, -10.8391756], [-37.0676265, -10.8390964], [-37.0676286, -10.8390653], [-37.0676407, -10.8389447], [-37.0676519, -10.8388514], [-37.067684, -10.838671], [-37.0677227, -10.8384935], [-37.0677647, -10.8383403], [-37.0677986, -10.8382354], [-37.0678306, -10.8381479], [-37.0679073, -10.8379671], [-37.0680367, -10.8377037], [-37.0680941, -10.8375787], [-37.068131, -10.8374848], [-37.0682046, -10.8372788], [-37.068266, -10.8370978], [-37.068391, -10.836738], [-37.068485, -10.8364089], [-37.0684849, -10.8363285], [-37.068494, -10.8362733], [-37.068232, -10.836099]]]}}, {"type": "Feature", "properties": {"nome": "Marcos Freire II", "municipio": "Nossa Senhora do Socorro", "fonte": "OpenStreetMap (Overpass API)", "osm_type": "relation", "osm_id": 20389867}, "geometry": {"type": "Polygon", "coordinates": [[[-37.0782568, -10.8530531], [-37.0784211, -10.8530565], [-37.0784024, -10.8526724], [-37.0786132, -10.8526643], [-37.07867, -10.852663], [-37.078672, -10.85261], [-37.078894, -10.852616], [-37.078907, -10.852357], [-37.0764288, -10.8522951], [-37.0743075, -10.8522921], [-37.0739211, -10.8522644], [-37.0733526, -10.8521773], [-37.0727984, -10.8520308], [-37.072403, -10.851889], [-37.072037, -10.851727], [-37.0645449, -10.8473828], [-37.0624695, -10.8493854], [-37.060434, -10.847365], [-37.0591753, -10.8496741], [-37.0591175, -10.8497647], [-37.059028, -10.849887], [-37.0589708, -10.8499536], [-37.0589187, -10.8500086], [-37.0588254, -10.8501027], [-37.0585127, -10.8504091], [-37.0575601, -10.8513459], [-37.0574188, -10.8514776], [-37.0571813, -10.8516886], [-37.0568757, -10.8519505], [-37.0565087, -10.8522446], [-37.0556638, -10.8529087], [-37.0555454, -10.8530169], [-37.0553775, -10.8531807], [-37.055245, -10.853317], [-37.0549559, -10.8536653], [-37.0547607, -10.8539087], [-37.0542805, -10.854517], [-37.0541965, -10.8546209], [-37.0540958, -10.8547366], [-37.0539823, -10.8548614], [-37.053794, -10.8550547], [-37.0537063, -10.8551403], [-37.0535751, -10.8552577], [-37.053359, -10.855439], [-37.0529724, -10.8557183], [-37.0525417, -10.8559851], [-37.0516507, -10.8565194], [-37.051567, -10.856629], [-37.051896, -10.857051], [-37.051944, -10.85725], [-37.051988, -10.857618], [-37.052138, -10.857604], [-37.052828, -10.858821], [-37.052708, -10.859406], [-37.053039, -10.860029], [-37.0532871, -10.8603633], [-37.0534022, -10.8603145], [-37.053918, -10.860196], [-37.054064, -10.860101], [-37.054092, -10.859994], [-37.0546378, -10.8598265], [-37.054876, -10.860124], [-37.054868, -10.860234], [-37.055201, -10.860127], [-37.055298, -10.860231], [-37.0553699, -10.8604977], [-37.0554616, -10.8604952], [-37.0557191, -10.8606663], [-37.0558582, -10.8607275], [-37.0560581, -10.8603697], [-37.0562359, -10.860279], [-37.0565571, -10.8600483], [-37.0568399, -10.8599008], [-37.0569537, -10.8598325], [-37.0568173, -10.8593462], [-37.0569611, -10.8591403], [-37.0571359, -10.8590639], [-37.0572905, -10.8589643], [-37.0573468, -10.8588096], [-37.0573534, -10.8586804], [-37.0571154, -10.8581848], [-37.0572379, -10.8581195], [-37.0573699, -10.858376], [-37.0574771, -10.8584284], [-37.0576524, -10.858734], [-37.0577442, -10.8589098], [-37.0579474, -10.8589369], [-37.0581327, -10.8585991], [-37.0582288, -10.8585681], [-37.0582133, -10.8587117], [-37.0581573, -10.8588434], [-37.0580077, -10.8590608], [-37.0578638, -10.8592839], [-37.0577343, -10.8595359], [-37.0577466, -10.859895], [-37.0578751, -10.8602347], [-37.0580135, -10.8604051], [-37.0580825, -10.8605147], [-37.0580903, -10.8606698], [-37.0579185, -10.8607147], [-37.0578974, -10.8608295], [-37.0577078, -10.860946], [-37.0576341, -10.8611064], [-37.0576823, -10.8612927], [-37.0576845, -10.8614105], [-37.05753, -10.8614727], [-37.0575143, -10.8616564], [-37.0574292, -10.8617823], [-37.0573527, -10.8619283], [-37.0573138, -10.8621147], [-37.0572544, -10.8623097], [-37.0573959, -10.8624484], [-37.0575626, -10.8627367], [-37.057677, -10.8630189], [-37.0576807, -10.8633464], [-37.0573877, -10.8639092], [-37.0576102, -10.8640212], [-37.0579409, -10.8633201], [-37.058072, -10.8632663], [-37.0581676, -10.86331], [-37.0582646, -10.8635892], [-37.0583909, -10.8638313], [-37.0584624, -10.8640156], [-37.0585253, -10.8641653], [-37.0587674, -10.8644821], [-37.0591317, -10.8647573], [-37.0594878, -10.8649635], [-37.0596893, -10.8652692], [-37.0599262, -10.8654861], [-37.0602457, -10.8654939], [-37.0605338, -10.8654354], [-37.0610385, -10.8651284], [-37.0613796, -10.8649553], [-37.0615505, -10.8645945], [-37.0618673, -10.8645821], [-37.061942, -10.864332], [-37.0614417, -10.8637834], [-37.0617009, -10.8636816], [-37.0622868, -10.8638605], [-37.0629318, -10.8634165], [-37.0623357, -10.862587], [-37.0619901, -10.8620994], [-37.0614821, -10.8624638], [-37.0590498, -10.8593406], [-37.0623854, -10.8557769], [-37.0618082, -10.8551644], [-37.0682575, -10.8526916], [-37.0692768, -10.8551675], [-37.0694561, -10.8562127], [-37.0696694, -10.8564704], [-37.0700762, -10.8573778], [-37.0702919, -10.8577267], [-37.0706158, -10.8579815], [-37.0709694, -10.858173], [-37.0711609, -10.8578929], [-37.0716227, -10.8575579], [-37.0719279, -10.8568419], [-37.0719944, -10.8568082], [-37.0722132, -10.8559505], [-37.0743179, -10.8533066], [-37.0745154, -10.8533022], [-37.074502, -10.8528538], [-37.0745016, -10.8528412], [-37.0757259, -10.8528592], [-37.077736, -10.8528781], [-37.0779211, -10.8529397], [-37.078258, -10.8530147], [-37.0782568, -10.8530531]]]}}, {"type": "Feature", "properties": {"nome": "São Brás", "municipio": "Nossa Senhora do Socorro", "fonte": "OpenStreetMap (Overpass API)", "osm_type": "relation", "osm_id": 20389883}, "geometry": {"type": "Polygon", "coordinates": [[[-37.048272, -10.855493], [-37.048932, -10.856337], [-37.049768, -10.856336], [-37.050568, -10.856856], [-37.050815, -10.857532], [-37.050761, -10.857972], [-37.050476, -10.858917], [-37.049913, -10.859407], [-37.048858, -10.859533], [-37.048094, -10.860212], [-37.047748, -10.860681], [-37.047663, -10.860856], [-37.047681, -10.861062], [-37.047732, -10.861133], [-37.04786, -10.861154], [-37.04801, -10.861148], [-37.048214, -10.861036], [-37.049985, -10.860857], [-37.050775, -10.860851], [-37.051032, -10.860997], [-37.051088, -10.861326], [-37.05123, -10.861318], [-37.051271, -10.861019], [-37.051499, -10.861044], [-37.051624, -10.860922], [-37.051701, -10.860896], [-37.05174, -10.861031], [-37.051817, -10.861112], [-37.051976, -10.861196], [-37.05201, -10.861126], [-37.052057, -10.86115], [-37.052064, -10.861188], [-37.052144, -10.861226], [-37.052265, -10.861167], [-37.052304, -10.861168], [-37.052306, -10.861297], [-37.052348, -10.861356], [-37.052422, -10.861346], [-37.052547, -10.861437], [-37.052653, -10.861424], [-37.05287, -10.861267], [-37.052859, -10.86112], [-37.052949, -10.861123], [-37.053125, -10.861318], [-37.053059, -10.86147], [-37.053063, -10.86157], [-37.053103, -10.861633], [-37.053193, -10.86163], [-37.05331, -10.861698], [-37.053449, -10.861694], [-37.053663, -10.861816], [-37.053811, -10.861798], [-37.05393, -10.861705], [-37.054035, -10.861838], [-37.053967, -10.861849], [-37.053949, -10.861894], [-37.053975, -10.861945], [-37.054045, -10.862002], [-37.054146, -10.862042], [-37.054264, -10.862053], [-37.054334, -10.861981], [-37.054379, -10.861869], [-37.054463, -10.861836], [-37.054572, -10.861893], [-37.054638, -10.861998], [-37.054627, -10.862234], [-37.054865, -10.862388], [-37.0554616, -10.8604952], [-37.0553699, -10.8604977], [-37.055298, -10.860231], [-37.055201, -10.860127], [-37.054868, -10.860234], [-37.054876, -10.860124], [-37.0546378, -10.8598265], [-37.054092, -10.859994], [-37.054064, -10.860101], [-37.053918, -10.860196], [-37.0534022, -10.8603145], [-37.0532871, -10.8603633], [-37.053039, -10.860029], [-37.052708, -10.859406], [-37.052828, -10.858821], [-37.052138, -10.857604], [-37.051988, -10.857618], [-37.051944, -10.85725], [-37.051896, -10.857051], [-37.051567, -10.856629], [-37.0516507, -10.8565194], [-37.0525417, -10.8559851], [-37.0529724, -10.8557183], [-37.053359, -10.855439], [-37.0535751, -10.8552577], [-37.0537063, -10.8551403], [-37.053794, -10.8550547], [-37.0539823, -10.8548614], [-37.0540958, -10.8547366], [-37.0541965, -10.8546209], [-37.0542805, -10.854517], [-37.0547607, -10.8539087], [-37.0549559, -10.8536653], [-37.055245, -10.853317], [-37.0553775, -10.8531807], [-37.0555454, -10.8530169], [-37.0556638, -10.8529087], [-37.0565087, -10.8522446], [-37.0568757, -10.8519505], [-37.0571813, -10.8516886], [-37.0574188, -10.8514776], [-37.0575601, -10.8513459], [-37.0585127, -10.8504091], [-37.0588254, -10.8501027], [-37.0589187, -10.8500086], [-37.0589708, -10.8499536], [-37.059028, -10.849887], [-37.0591175, -10.8497647], [-37.0591753, -10.8496741], [-37.060434, -10.847365], [-37.06141, -10.845571], [-37.061426, -10.845479], [-37.061942, -10.844543], [-37.061695, -10.844383], [-37.060474, -10.843738], [-37.0604108, -10.8437299], [-37.060361, -10.843822], [-37.0598874, -10.8438701], [-37.0594892, -10.8439042], [-37.057316, -10.843983], [-37.056051, -10.84389], [-37.0537477, -10.8445224], [-37.0523417, -10.8441797], [-37.052198, -10.8441459], [-37.0515348, -10.8440299], [-37.0510536, -10.8438832], [-37.050622, -10.843765], [-37.0504657, -10.8437272], [-37.050374, -10.843705], [-37.050353, -10.843778], [-37.048826, -10.843453], [-37.048127, -10.843335], [-37.047501, -10.843277], [-37.04737, -10.84374], [-37.047346, -10.844474], [-37.047423, -10.845363], [-37.047595, -10.845691], [-37.047916, -10.846416], [-37.048088, -10.847634], [-37.048441, -10.84902], [-37.04841, -10.84917], [-37.048326, -10.849656], [-37.049193, -10.852252], [-37.049185, -10.852718], [-37.049038, -10.853004], [-37.04889, -10.853248], [-37.048709, -10.853474], [-37.048557, -10.85376], [-37.048675, -10.854186], [-37.048373, -10.85445], [-37.0482, -10.85484], [-37.048272, -10.855493]]]}}, {"type": "Feature", "properties": {"nome": "Albano Franco", "municipio": "Nossa Senhora do Socorro", "fonte": "OpenStreetMap (Overpass API)", "osm_type": "relation", "osm_id": 20389886}, "geometry": {"type": "Polygon", "coordinates": [[[-37.0694477, -10.8270639], [-37.0685833, -10.8271383], [-37.0685141, -10.8270419], [-37.068273, -10.8263145], [-37.0685623, -10.8261574], [-37.0687205, -10.8260834], [-37.0688997, -10.8255746], [-37.0687883, -10.825439], [-37.0680971, -10.8253687], [-37.0679145, -10.8254575], [-37.0677175, -10.8254263], [-37.0674545, -10.8253916], [-37.0669691, -10.8253916], [-37.0665746, -10.8254101], [-37.066171, -10.8254226], [-37.0660567, -10.8252719], [-37.0649776, -10.8252381], [-37.0648011, -10.825315], [-37.0636582, -10.8251879], [-37.0635249, -10.82516], [-37.0634363, -10.8252495], [-37.0633514, -10.8252489], [-37.0628658, -10.8252789], [-37.0626409, -10.8253434], [-37.0624796, -10.8254174], [-37.0623923, -10.825776], [-37.0624403, -10.8258723], [-37.0624794, -10.8259265], [-37.062625, -10.8259184], [-37.0626829, -10.8258768], [-37.0628102, -10.8258956], [-37.063007, -10.8259628], [-37.0630461, -10.8260141], [-37.0630454, -10.826122], [-37.0630567, -10.8262601], [-37.0630346, -10.8263949], [-37.0629771, -10.8263675], [-37.0629017, -10.8262981], [-37.0628138, -10.8262795], [-37.0627554, -10.8264051], [-37.0627782, -10.8266332], [-37.0628194, -10.8268344], [-37.0629252, -10.8268861], [-37.0629427, -10.8270062], [-37.0630912, -10.8270311], [-37.0631299, -10.8271363], [-37.0631494, -10.8274116], [-37.0631214, -10.8275194], [-37.0630544, -10.827561], [-37.0630022, -10.8276626], [-37.0630254, -10.8278277], [-37.0634143, -10.8277342], [-37.0634811, -10.8277256], [-37.0635477, -10.82775], [-37.0635807, -10.8278072], [-37.0635803, -10.8278612], [-37.0635347, -10.8278879], [-37.0635133, -10.8279088], [-37.0635398, -10.8280319], [-37.0636061, -10.8281043], [-37.0636451, -10.8281675], [-37.0635813, -10.8281821], [-37.0635238, -10.8281668], [-37.0634356, -10.8281932], [-37.0633654, -10.8282647], [-37.0633646, -10.8283907], [-37.0633761, -10.8284928], [-37.0633476, -10.8286695], [-37.0633897, -10.8287238], [-37.0634927, -10.8287514], [-37.0635531, -10.8288028], [-37.0636854, -10.8289806], [-37.0637315, -10.8293558], [-37.0637769, -10.829374], [-37.0638224, -10.8293743], [-37.0638766, -10.8294496], [-37.0638363, -10.8295724], [-37.063654, -10.8296222], [-37.0635694, -10.8295677], [-37.0636003, -10.8294749], [-37.0635952, -10.8293309], [-37.0635808, -10.8292049], [-37.0635392, -10.8290636], [-37.0635032, -10.8290034], [-37.0634429, -10.8289491], [-37.0633766, -10.8288767], [-37.063304, -10.8288522], [-37.0632341, -10.8288578], [-37.0631193, -10.8287941], [-37.0630376, -10.8287606], [-37.0628377, -10.8287053], [-37.0627715, -10.8286179], [-37.062699, -10.8285665], [-37.062611, -10.8285719], [-37.0625783, -10.8284667], [-37.0624189, -10.8285452], [-37.0623396, -10.8286152], [-37.0622802, -10.8286493], [-37.0621798, -10.8286877], [-37.062184, -10.8287522], [-37.0622121, -10.8288528], [-37.0621679, -10.8288961], [-37.0621043, -10.8288807], [-37.0620682, -10.8288294], [-37.0620671, -10.828756], [-37.0620053, -10.8287031], [-37.0619312, -10.8286726], [-37.061875, -10.8286813], [-37.0618308, -10.8287095], [-37.0618153, -10.8287559], [-37.0618332, -10.8288025], [-37.0619389, -10.8288751], [-37.0620025, -10.828907], [-37.0620447, -10.8289493], [-37.0620443, -10.8290033], [-37.0619708, -10.8291168], [-37.0619262, -10.829205], [-37.0618773, -10.8292631], [-37.0618179, -10.8293003], [-37.0617621, -10.8292429], [-37.0617412, -10.8291918], [-37.0618099, -10.8291337], [-37.0618131, -10.8291083], [-37.061765, -10.828916], [-37.061738, -10.8288754], [-37.0616759, -10.82886], [-37.0616256, -10.8288866], [-37.0615618, -10.8289027], [-37.061507, -10.8289369], [-37.0614171, -10.8290038], [-37.0613985, -10.8290637], [-37.0614132, -10.8291387], [-37.0614585, -10.829166], [-37.0614734, -10.8292036], [-37.0614778, -10.8292306], [-37.0615004, -10.8292488], [-37.061532, -10.829288], [-37.0615485, -10.8293241], [-37.0615922, -10.8293618], [-37.0615751, -10.8294367], [-37.0615203, -10.8294588], [-37.0614796, -10.8294151], [-37.0614316, -10.8293338], [-37.061362, -10.8293064], [-37.0613041, -10.829345], [-37.061275, -10.8293898], [-37.0613141, -10.8294425], [-37.0613805, -10.8295044], [-37.0613818, -10.8295314], [-37.0613027, -10.8295714], [-37.061219, -10.8296054], [-37.061099, -10.8296361], [-37.0610384, -10.8296238], [-37.0609169, -10.8296425], [-37.0608466, -10.8297215], [-37.0607174, -10.8297642], [-37.0606211, -10.8298746], [-37.0605382, -10.8300285], [-37.0605676, -10.8301712], [-37.0605822, -10.830331], [-37.0606046, -10.8303866], [-37.0605799, -10.8304449], [-37.0605463, -10.8304852], [-37.0604625, -10.8305402], [-37.0603725, -10.8306101], [-37.0603131, -10.8306472], [-37.0602706, -10.8306544], [-37.0601767, -10.8306358], [-37.0601163, -10.830595], [-37.060054, -10.8306051], [-37.0600114, -10.8306228], [-37.0599508, -10.8306179], [-37.0598929, -10.8306505], [-37.0598924, -10.830739], [-37.0598755, -10.8307659], [-37.0597902, -10.8308239], [-37.0597124, -10.8308848], [-37.0596389, -10.8309924], [-37.0595213, -10.8311116], [-37.059476, -10.8310918], [-37.0594156, -10.8310464], [-37.059357, -10.8309561], [-37.0593085, -10.8309408], [-37.0591865, -10.831054], [-37.0592586, -10.8311564], [-37.0591861, -10.8312287], [-37.0592223, -10.8312619], [-37.0592356, -10.8313145], [-37.0592123, -10.8313998], [-37.0591257, -10.8314233], [-37.0590878, -10.831423], [-37.0590652, -10.8313989], [-37.0590152, -10.8313776], [-37.0589791, -10.8313339], [-37.0590009, -10.8312545], [-37.0589876, -10.831196], [-37.0589256, -10.8311656], [-37.0588527, -10.8311801], [-37.0587932, -10.8312232], [-37.0587489, -10.8312769], [-37.0587029, -10.8313546], [-37.0587145, -10.8314327], [-37.0587974, -10.8315142], [-37.0588501, -10.831579], [-37.0588369, -10.8317454], [-37.0587641, -10.8317479], [-37.0587248, -10.8317162], [-37.0586738, -10.8316259], [-37.0584564, -10.83147], [-37.0583343, -10.8315832], [-37.0582295, -10.8316021], [-37.0582057, -10.8317654], [-37.0583492, -10.8318623], [-37.0582742, -10.8319664], [-37.0581571, -10.8320181], [-37.0581396, -10.8321395], [-37.0582722, -10.8322768], [-37.0583204, -10.8323356], [-37.0583095, -10.832379], [-37.0582407, -10.8324505], [-37.0582493, -10.8325286], [-37.058305, -10.8326054], [-37.0582511, -10.832728], [-37.0582051, -10.8327967], [-37.058134, -10.8327753], [-37.058069, -10.8327389], [-37.0579271, -10.8329311], [-37.057869, -10.8329982], [-37.0577374, -10.8331713], [-37.0574877, -10.8330459], [-37.057457, -10.833119], [-37.0572565, -10.8335103], [-37.0572919, -10.8335622], [-37.0573144, -10.8336073], [-37.0573597, -10.8336406], [-37.0574256, -10.8337639], [-37.0574632, -10.8338227], [-37.0574217, -10.8338989], [-37.0573639, -10.83393], [-37.0573365, -10.8339403], [-37.0572499, -10.8339608], [-37.057222, -10.8340626], [-37.0572184, -10.834145], [-37.0571678, -10.8342332], [-37.0570995, -10.8342388], [-37.0570511, -10.8342085], [-37.0569905, -10.8340294], [-37.056857, -10.83429], [-37.057185, -10.834894], [-37.057221, -10.835094], [-37.057248, -10.835298], [-37.057854, -10.836122], [-37.058723, -10.836439], [-37.059864, -10.837066], [-37.060134, -10.837291], [-37.060283, -10.837429], [-37.060479, -10.837524], [-37.060883, -10.837614], [-37.061129, -10.837753], [-37.061478, -10.837989], [-37.062055, -10.838524], [-37.062315, -10.838859], [-37.062497, -10.83936], [-37.062481, -10.839991], [-37.062883, -10.840793], [-37.062816, -10.841233], [-37.062288, -10.842824], [-37.0617174, -10.8443404], [-37.0619621, -10.8444448], [-37.061942, -10.844543], [-37.061426, -10.845479], [-37.06141, -10.845571], [-37.060434, -10.847365], [-37.0624695, -10.8493854], [-37.0645449, -10.8473828], [-37.065166, -10.846647], [-37.065375, -10.8463062], [-37.065563, -10.84585], [-37.065665, -10.845465], [-37.065713, -10.845116], [-37.065718, -10.844821], [-37.065757, -10.839219], [-37.06579, -10.83885], [-37.065864, -10.83847], [-37.0660414, -10.8379819], [-37.0661766, -10.8377266], [-37.066336, -10.837474], [-37.066682, -10.837069], [-37.067087, -10.836742], [-37.067514, -10.836478], [-37.068232, -10.836099], [-37.069619, -10.835286], [-37.069532, -10.834718], [-37.069728, -10.834529], [-37.069406, -10.83403], [-37.06918, -10.833387], [-37.0692, -10.831935], [-37.068997, -10.83102], [-37.068792, -10.830674], [-37.068797, -10.829175], [-37.0694477, -10.8270639]]]}}, {"type": "Feature", "properties": {"nome": "Piabeta", "municipio": "Nossa Senhora do Socorro", "fonte": "OpenStreetMap (Overpass API)", "osm_type": "relation", "osm_id": 20389887}, "geometry": {"type": "Polygon", "coordinates": [[[-37.0569905, -10.8340294], [-37.0569495, -10.8339634], [-37.0569471, -10.8338674], [-37.0570276, -10.833628], [-37.0570081, -10.8333459], [-37.0570092, -10.833184], [-37.056992, -10.8330189], [-37.0569598, -10.8328417], [-37.0569855, -10.832623], [-37.0571098, -10.8321619], [-37.0573199, -10.8318093], [-37.0573515, -10.8316235], [-37.0575158, -10.8315406], [-37.0575957, -10.8313851], [-37.0577069, -10.8310799], [-37.0578049, -10.8309306], [-37.0578365, -10.8307388], [-37.0578688, -10.8304331], [-37.0578464, -10.830151], [-37.0579202, -10.8299895], [-37.0581642, -10.8297871], [-37.0584324, -10.8296029], [-37.0586043, -10.829286], [-37.0586487, -10.8289984], [-37.0588187, -10.828743], [-37.0589507, -10.8285039], [-37.0591066, -10.8283219], [-37.0592135, -10.8282056], [-37.0593078, -10.8281763], [-37.0593773, -10.8282127], [-37.0595134, -10.8282765], [-37.0596955, -10.8282777], [-37.0600866, -10.8278482], [-37.0602207, -10.8277441], [-37.0604952, -10.8275149], [-37.0605203, -10.8273981], [-37.0604275, -10.8271966], [-37.060377, -10.827029], [-37.0603447, -10.8268609], [-37.0602337, -10.8266652], [-37.06038, -10.8265612], [-37.0606717, -10.826494], [-37.0607334, -10.8263279], [-37.0607394, -10.826229], [-37.0606919, -10.8260608], [-37.0607334, -10.825983], [-37.0608561, -10.8258961], [-37.0609034, -10.8258409], [-37.0609807, -10.8257342], [-37.0610679, -10.8256282], [-37.0611227, -10.8255971], [-37.061172, -10.8255989], [-37.0612135, -10.8256269], [-37.0612314, -10.825675], [-37.0612681, -10.8257487], [-37.0612939, -10.8257451], [-37.0613154, -10.8257093], [-37.061328, -10.8256404], [-37.0613288, -10.8255024], [-37.0613687, -10.8254367], [-37.0613692, -10.8253647], [-37.061342, -10.8253495], [-37.0612659, -10.825376], [-37.0611838, -10.8254145], [-37.061068, -10.8254888], [-37.0608758, -10.8256555], [-37.0606355, -10.825753], [-37.0604924, -10.8258361], [-37.060151, -10.8260888], [-37.0598152, -10.8264137], [-37.059687, -10.8265268], [-37.0594527, -10.8266303], [-37.0591102, -10.8265813], [-37.058772, -10.826831], [-37.055592, -10.828512], [-37.054313, -10.828852], [-37.05269, -10.829699], [-37.051643, -10.830156], [-37.050422, -10.830707], [-37.049717, -10.831179], [-37.049913, -10.831966], [-37.049401, -10.832764], [-37.048967, -10.83436], [-37.048612, -10.835509], [-37.04901, -10.837646], [-37.048184, -10.839251], [-37.047293, -10.840541], [-37.048135, -10.840682], [-37.047501, -10.843277], [-37.048127, -10.843335], [-37.048826, -10.843453], [-37.050353, -10.843778], [-37.050374, -10.843705], [-37.0504657, -10.8437272], [-37.050622, -10.843765], [-37.0510536, -10.8438832], [-37.0515348, -10.8440299], [-37.052198, -10.8441459], [-37.0523417, -10.8441797], [-37.0537477, -10.8445224], [-37.056051, -10.84389], [-37.057316, -10.843983], [-37.0594892, -10.8439042], [-37.0598874, -10.8438701], [-37.060361, -10.843822], [-37.0604108, -10.8437299], [-37.060474, -10.843738], [-37.061695, -10.844383], [-37.061942, -10.844543], [-37.0619621, -10.8444448], [-37.0617174, -10.8443404], [-37.062288, -10.842824], [-37.062816, -10.841233], [-37.062883, -10.840793], [-37.062481, -10.839991], [-37.062497, -10.83936], [-37.062315, -10.838859], [-37.062055, -10.838524], [-37.061478, -10.837989], [-37.061129, -10.837753], [-37.060883, -10.837614], [-37.060479, -10.837524], [-37.060283, -10.837429], [-37.060134, -10.837291], [-37.059864, -10.837066], [-37.058723, -10.836439], [-37.057854, -10.836122], [-37.057248, -10.835298], [-37.057221, -10.835094], [-37.057185, -10.834894], [-37.056857, -10.83429], [-37.0569905, -10.8340294]]]}}, {"type": "Feature", "properties": {"nome": "Taiçoca de Dentro", "municipio": "Nossa Senhora do Socorro", "fonte": "OpenStreetMap (Overpass API)", "osm_type": "relation", "osm_id": 20389890}, "geometry": {"type": "Polygon", "coordinates": [[[-37.0785798, -10.8307239], [-37.0785982, -10.8305802], [-37.0789351, -10.8296091], [-37.0789856, -10.8295299], [-37.0791869, -10.8296091], [-37.0796104, -10.8290854], [-37.0804082, -10.8285704], [-37.080805, -10.8284409], [-37.0808817, -10.8282363], [-37.0814137, -10.8280731], [-37.0818465, -10.8279978], [-37.0821724, -10.8277974], [-37.0822196, -10.8277081], [-37.0821444, -10.8276132], [-37.0823771, -10.8275126], [-37.0825813, -10.8273896], [-37.0824974, -10.8265532], [-37.082134, -10.826449], [-37.0821905, -10.8261494], [-37.0820765, -10.8259388], [-37.0803794, -10.8258922], [-37.078688, -10.8266015], [-37.0785432, -10.8264687], [-37.0775702, -10.8268105], [-37.077054, -10.8268853], [-37.0770621, -10.8265614], [-37.0758428, -10.8265178], [-37.0751888, -10.8265497], [-37.0742179, -10.8265557], [-37.0739328, -10.8265419], [-37.0731072, -10.8266087], [-37.0729756, -10.826302], [-37.0714341, -10.8263583], [-37.0707669, -10.8263121], [-37.0703179, -10.8263033], [-37.0698437, -10.8264503], [-37.0696278, -10.8264797], [-37.0694477, -10.8270639], [-37.068797, -10.829175], [-37.068792, -10.830674], [-37.068997, -10.83102], [-37.0692, -10.831935], [-37.06918, -10.833387], [-37.069406, -10.83403], [-37.069728, -10.834529], [-37.069532, -10.834718], [-37.069619, -10.835286], [-37.070009, -10.835129], [-37.070391, -10.835025], [-37.070786, -10.83496], [-37.071182, -10.834944], [-37.071506, -10.834946], [-37.074732, -10.834974], [-37.074762, -10.83418], [-37.074554, -10.833639], [-37.075319, -10.833535], [-37.0754088, -10.8336119], [-37.0754147, -10.8337018], [-37.0754797, -10.8337073], [-37.075501, -10.833603], [-37.07562, -10.833623], [-37.075661, -10.833445], [-37.076035, -10.833473], [-37.076839, -10.833236], [-37.076991, -10.833381], [-37.077792, -10.833216], [-37.078369, -10.833065], [-37.07856, -10.832877], [-37.078673, -10.832257], [-37.078468, -10.83214], [-37.078307, -10.831828], [-37.078412, -10.831343], [-37.078534, -10.830785], [-37.0785365, -10.8307816], [-37.0785798, -10.8307239]]]}}, {"type": "Feature", "properties": {"nome": "Marcos Freire III", "municipio": "Nossa Senhora do Socorro", "fonte": "OpenStreetMap (Overpass API)", "osm_type": "relation", "osm_id": 20389900}, "geometry": {"type": "Polygon", "coordinates": [[[-37.0813024, -10.837313], [-37.0814531, -10.836862], [-37.0815322, -10.8368265], [-37.0816536, -10.8368302], [-37.0817649, -10.8369779], [-37.0818434, -10.8370383], [-37.0819677, -10.8370481], [-37.0821145, -10.8368601], [-37.08217, -10.8367195], [-37.0821011, -10.8365841], [-37.0822728, -10.8363122], [-37.0822898, -10.8358932], [-37.0823121, -10.8357373], [-37.0824005, -10.8356599], [-37.0825496, -10.8355978], [-37.082735, -10.835545], [-37.0830692, -10.8354691], [-37.0837651, -10.8352965], [-37.0841873, -10.8352271], [-37.084474, -10.834986], [-37.0850971, -10.8343337], [-37.0853107, -10.8341341], [-37.0855129, -10.8338325], [-37.0856617, -10.8338094], [-37.0857325, -10.8336539], [-37.085919, -10.8330739], [-37.0857518, -10.8331119], [-37.0855183, -10.8330954], [-37.0852271, -10.8330936], [-37.0849908, -10.8330352], [-37.0843051, -10.8330459], [-37.0840471, -10.8330533], [-37.0838897, -10.8329983], [-37.0839242, -10.8328216], [-37.0840404, -10.8326843], [-37.084208, -10.8325654], [-37.0843577, -10.8324014], [-37.084477, -10.8322522], [-37.0846813, -10.8320795], [-37.0848973, -10.8319908], [-37.0851446, -10.8317584], [-37.0853946, -10.8315538], [-37.0854442, -10.8313891], [-37.0854337, -10.8311311], [-37.0853353, -10.8308606], [-37.084841, -10.8303536], [-37.0847481, -10.8301641], [-37.0846307, -10.8300314], [-37.0846889, -10.8299328], [-37.0848775, -10.829859], [-37.0849503, -10.8298534], [-37.0849842, -10.8297757], [-37.0846728, -10.8296058], [-37.0844793, -10.8296136], [-37.0843999, -10.8297001], [-37.0843115, -10.8297595], [-37.0841507, -10.8297705], [-37.083778, -10.8296992], [-37.0836206, -10.8296292], [-37.0834485, -10.8295082], [-37.083202, -10.8296266], [-37.0830828, -10.8297578], [-37.0828643, -10.8297745], [-37.0827039, -10.8297135], [-37.0825733, -10.8297217], [-37.0823933, -10.8298818], [-37.0822185, -10.8300629], [-37.0821051, -10.8301244], [-37.0819899, -10.8301132], [-37.081896, -10.8300826], [-37.0818623, -10.8300157], [-37.0819387, -10.8299239], [-37.0820563, -10.8298047], [-37.0820986, -10.829718], [-37.0820339, -10.8295354], [-37.0819529, -10.8295169], [-37.0818358, -10.8296796], [-37.0816866, -10.8297031], [-37.0816548, -10.8297535], [-37.0813215, -10.8296854], [-37.0811568, -10.8298254], [-37.0807978, -10.8299881], [-37.0803628, -10.8301563], [-37.0800891, -10.8302566], [-37.0800724, -10.8300196], [-37.0797636, -10.8299276], [-37.0796413, -10.8300739], [-37.0795979, -10.8302235], [-37.0796456, -10.8303558], [-37.0796054, -10.8304755], [-37.0795533, -10.8305562], [-37.0794172, -10.8304834], [-37.0793174, -10.8304347], [-37.0792506, -10.8304493], [-37.0791059, -10.8303015], [-37.078696, -10.8308178], [-37.0785956, -10.8308681], [-37.0785365, -10.8307816], [-37.078534, -10.830785], [-37.078412, -10.831343], [-37.078307, -10.831828], [-37.078468, -10.83214], [-37.078673, -10.832257], [-37.07856, -10.832877], [-37.078369, -10.833065], [-37.077792, -10.833216], [-37.076991, -10.833381], [-37.076839, -10.833236], [-37.076035, -10.833473], [-37.075661, -10.833445], [-37.07562, -10.833623], [-37.075501, -10.833603], [-37.0754797, -10.8337073], [-37.0754147, -10.8337018], [-37.0754088, -10.8336119], [-37.075319, -10.833535], [-37.074554, -10.833639], [-37.074762, -10.83418], [-37.074732, -10.834974], [-37.071506, -10.834946], [-37.0715422, -10.8350395], [-37.0716853, -10.8350442], [-37.0718217, -10.8354066], [-37.0721632, -10.835333], [-37.0724415, -10.8353226], [-37.0724272, -10.8356852], [-37.072818, -10.8356684], [-37.072929, -10.8356204], [-37.073143, -10.8355902], [-37.0733214, -10.8354903], [-37.0733726, -10.8353274], [-37.0735366, -10.8353335], [-37.0735294, -10.8354984], [-37.073671, -10.8355039], [-37.0736584, -10.8356207], [-37.073856, -10.8355454], [-37.0742601, -10.8355215], [-37.0742714, -10.835346], [-37.0750945, -10.8354433], [-37.0750726, -10.8356091], [-37.075251, -10.8356395], [-37.0752691, -10.8355294], [-37.0759165, -10.8354808], [-37.0759202, -10.8356743], [-37.075975, -10.8356631], [-37.0759776, -10.8357045], [-37.0761011, -10.8357193], [-37.0760718, -10.8359238], [-37.0773463, -10.8359418], [-37.0773493, -10.8359813], [-37.07763, -10.8360393], [-37.0783409, -10.8361053], [-37.0783359, -10.8362769], [-37.078371, -10.8362786], [-37.0783988, -10.8362799], [-37.0784021, -10.8360685], [-37.0800623, -10.8363403], [-37.0800326, -10.8365475], [-37.0800731, -10.8365537], [-37.0801639, -10.8365677], [-37.0801794, -10.8364903], [-37.0802347, -10.8364979], [-37.0802658, -10.8363765], [-37.0806283, -10.8364401], [-37.080598, -10.836967], [-37.0813024, -10.837313]]]}}, {"type": "Feature", "properties": {"nome": "Novo Horizonte", "municipio": "Nossa Senhora do Socorro", "fonte": "OpenStreetMap (Overpass API)", "osm_type": "relation", "osm_id": 20389901}, "geometry": {"type": "Polygon", "coordinates": [[[-37.0799119, -10.8419569], [-37.0795501, -10.8403022], [-37.0794317, -10.8403105], [-37.0792313, -10.8403422], [-37.0791035, -10.8404014], [-37.079087, -10.8401254], [-37.0788383, -10.8401059], [-37.0787877, -10.8404325], [-37.0785627, -10.840512], [-37.0782774, -10.8405253], [-37.0781683, -10.8405006], [-37.0781969, -10.8403118], [-37.0782948, -10.8401774], [-37.0784439, -10.8401124], [-37.0784996, -10.8399388], [-37.0785729, -10.8398673], [-37.0787373, -10.8397753], [-37.0788194, -10.8397428], [-37.0788599, -10.8395841], [-37.0788245, -10.8394189], [-37.078865, -10.8392632], [-37.079026, -10.8392222], [-37.0791322, -10.8392229], [-37.0792515, -10.8390737], [-37.0794829, -10.8389462], [-37.0796529, -10.8389262], [-37.0798982, -10.8390087], [-37.0801317, -10.8390252], [-37.0802992, -10.8389183], [-37.080464, -10.8392436], [-37.0811574, -10.8388726], [-37.0811389, -10.8385591], [-37.0814261, -10.8384859], [-37.0814171, -10.8382219], [-37.0815993, -10.8381975], [-37.0815477, -10.8379618], [-37.0814159, -10.837937], [-37.0813458, -10.8377461], [-37.0813742, -10.8375813], [-37.0812872, -10.8374293], [-37.0813417, -10.8373323], [-37.0813024, -10.837313], [-37.080598, -10.836967], [-37.0806283, -10.8364401], [-37.0802658, -10.8363765], [-37.0802347, -10.8364979], [-37.0801794, -10.8364903], [-37.0801639, -10.8365677], [-37.0800731, -10.8365537], [-37.0800326, -10.8365475], [-37.0800623, -10.8363403], [-37.0784021, -10.8360685], [-37.0783988, -10.8362799], [-37.078371, -10.8362786], [-37.0783359, -10.8362769], [-37.0783409, -10.8361053], [-37.07763, -10.8360393], [-37.0773493, -10.8359813], [-37.0773463, -10.8359418], [-37.0760718, -10.8359238], [-37.0761011, -10.8357193], [-37.0759776, -10.8357045], [-37.075975, -10.8356631], [-37.0759202, -10.8356743], [-37.0759165, -10.8354808], [-37.0752691, -10.8355294], [-37.075251, -10.8356395], [-37.0750726, -10.8356091], [-37.0750945, -10.8354433], [-37.0742714, -10.835346], [-37.0742601, -10.8355215], [-37.073856, -10.8355454], [-37.0736584, -10.8356207], [-37.073671, -10.8355039], [-37.0735294, -10.8354984], [-37.0735366, -10.8353335], [-37.0733726, -10.8353274], [-37.0733214, -10.8354903], [-37.073143, -10.8355902], [-37.072929, -10.8356204], [-37.072818, -10.8356684], [-37.0724272, -10.8356852], [-37.0724415, -10.8353226], [-37.0721632, -10.835333], [-37.0718217, -10.8354066], [-37.0716853, -10.8350442], [-37.0715422, -10.8350395], [-37.0722467, -10.8368849], [-37.0705833, -10.8365677], [-37.0699982, -10.8394875], [-37.0735415, -10.8402562], [-37.0742813, -10.841895], [-37.0744159, -10.8420182], [-37.0747261, -10.841499], [-37.0798846, -10.842559], [-37.0799119, -10.8419569]]]}}, {"type": "Feature", "properties": {"nome": "Taiçoca de Fora", "municipio": "Nossa Senhora do Socorro", "fonte": "OpenStreetMap (Overpass API)", "osm_type": "relation", "osm_id": 20389903}, "geometry": {"type": "Polygon", "coordinates": [[[-37.0899611, -10.8486026], [-37.0905121, -10.8486011], [-37.0906612, -10.8486509], [-37.0910902, -10.848829], [-37.0913403, -10.848944], [-37.0914183, -10.8489858], [-37.0914925, -10.8490333], [-37.0915776, -10.8491129], [-37.091671, -10.8492352], [-37.0917723, -10.8493752], [-37.0919289, -10.8495495], [-37.0920575, -10.8496654], [-37.092262, -10.8498349], [-37.0937182, -10.8510065], [-37.094368, -10.8515306], [-37.0947308, -10.8518118], [-37.0949586, -10.8519797], [-37.0950852, -10.8520597], [-37.0952036, -10.8521259], [-37.0952902, -10.8521694], [-37.0953828, -10.8522128], [-37.0955027, -10.8522628], [-37.0956341, -10.8523125], [-37.0957813, -10.8523606], [-37.0959382, -10.8524044], [-37.0961375, -10.8524486], [-37.0962181, -10.8524632], [-37.0962966, -10.8524757], [-37.096406, -10.8524895], [-37.0965163, -10.8525003], [-37.0966161, -10.8525073], [-37.0967276, -10.8525121], [-37.0968856, -10.8525121], [-37.0969698, -10.8525091], [-37.097045, -10.8525039], [-37.0971283, -10.8524962], [-37.097216, -10.8524877], [-37.0973576, -10.8524684], [-37.0973745, -10.8524662], [-37.0975045, -10.8524413], [-37.0976272, -10.8524133], [-37.0977616, -10.8523779], [-37.0978866, -10.8523412], [-37.098126, -10.852256], [-37.098243, -10.852207], [-37.0983581, -10.8521533], [-37.098473, -10.8520907], [-37.0985882, -10.8520218], [-37.0986963, -10.8519532], [-37.098812, -10.8518774], [-37.099076, -10.8516937], [-37.0993263, -10.8515123], [-37.0997802, -10.8511837], [-37.1000074, -10.8510249], [-37.1002126, -10.8508944], [-37.1004159, -10.8507786], [-37.1005295, -10.8507205], [-37.1006459, -10.8506636], [-37.1007595, -10.8506146], [-37.1008798, -10.8505662], [-37.1011225, -10.8504769], [-37.1013404, -10.8504093], [-37.101282, -10.850254], [-37.100759, -10.849642], [-37.100333, -10.847311], [-37.100132, -10.846685], [-37.0991461, -10.84452], [-37.1000269, -10.844816], [-37.1000735, -10.8446101], [-37.0998637, -10.844546], [-37.0999526, -10.8439788], [-37.0996936, -10.8439597], [-37.0997057, -10.8438641], [-37.0995548, -10.8438549], [-37.0996209, -10.8436167], [-37.0995964, -10.8433655], [-37.0989357, -10.8430344], [-37.0984179, -10.8426403], [-37.0984641, -10.8420569], [-37.0982399, -10.8418473], [-37.0980426, -10.8418611], [-37.0975024, -10.8418728], [-37.0974347, -10.8416722], [-37.0968899, -10.840985], [-37.0969822, -10.8407726], [-37.0969799, -10.8406616], [-37.0965451, -10.840329], [-37.0965371, -10.8401497], [-37.0965088, -10.8398286], [-37.0964236, -10.8393872], [-37.0964523, -10.8391654], [-37.0964468, -10.8390724], [-37.0965535, -10.8390041], [-37.0966566, -10.8390137], [-37.0966666, -10.8388638], [-37.0966625, -10.8385609], [-37.0966308, -10.8382818], [-37.0965087, -10.8380508], [-37.0963414, -10.8381068], [-37.0961389, -10.8379825], [-37.0957335, -10.838292], [-37.0953754, -10.8378279], [-37.0950134, -10.8374897], [-37.094317, -10.8373924], [-37.0936326, -10.8371752], [-37.093449, -10.837435], [-37.0932581, -10.8373859], [-37.0931768, -10.8372864], [-37.092986, -10.8372372], [-37.0928409, -10.8371613], [-37.0927989, -10.8370741], [-37.0929761, -10.8368772], [-37.0932193, -10.8368038], [-37.0932834, -10.8367042], [-37.0930788, -10.8367249], [-37.0925603, -10.8366617], [-37.0924454, -10.83661], [-37.0923972, -10.8365467], [-37.0923125, -10.8365132], [-37.0921849, -10.8365334], [-37.0920306, -10.8364725], [-37.0918824, -10.8363906], [-37.0917133, -10.8362666], [-37.0915291, -10.8361395], [-37.0912635, -10.8359129], [-37.0910018, -10.8355573], [-37.0906152, -10.8348081], [-37.0903833, -10.8341716], [-37.0901556, -10.8332314], [-37.0900045, -10.8326636], [-37.0890798, -10.8325649], [-37.0881794, -10.8325773], [-37.0879528, -10.8329058], [-37.0877144, -10.8336602], [-37.0880099, -10.8349067], [-37.0885316, -10.8361141], [-37.0885362, -10.836225], [-37.088599, -10.83631], [-37.088519, -10.836926], [-37.0875395, -10.838113], [-37.0878015, -10.8391203], [-37.0881828, -10.8405549], [-37.0883114, -10.8409575], [-37.0883678, -10.8411489], [-37.088618, -10.84271], [-37.0888771, -10.8433548], [-37.089111, -10.844069], [-37.0887749, -10.8447499], [-37.0892951, -10.8448269], [-37.0895436, -10.8445301], [-37.0902595, -10.8444378], [-37.0903137, -10.8448098], [-37.0904649, -10.8447985], [-37.0902754, -10.8455902], [-37.089965, -10.845605], [-37.090206, -10.846647], [-37.089503, -10.847553], [-37.090023, -10.848278], [-37.0901947, -10.8485685], [-37.0899611, -10.8486026]]]}}, {"type": "Feature", "properties": {"nome": "Fernando Collor", "municipio": "Nossa Senhora do Socorro", "fonte": "OpenStreetMap (Overpass API)", "osm_type": "relation", "osm_id": 20389946}, "geometry": {"type": "Polygon", "coordinates": [[[-37.0889576, -10.8534986], [-37.0893606, -10.8535683], [-37.0894643, -10.8534819], [-37.0896619, -10.8534142], [-37.0899748, -10.8533681], [-37.0902321, -10.8534627], [-37.0903315, -10.8535653], [-37.0904031, -10.8537607], [-37.0903472, -10.8539703], [-37.0902977, -10.854114], [-37.0900786, -10.8542086], [-37.0895156, -10.854487], [-37.0892046, -10.854713], [-37.0891169, -10.8551564], [-37.0889686, -10.8555604], [-37.0889725, -10.8559053], [-37.0890374, -10.8566758], [-37.0889133, -10.8571129], [-37.0890702, -10.8572488], [-37.0890666, -10.8573418], [-37.0889076, -10.8575297], [-37.0885237, -10.8577763], [-37.0883859, -10.8579667], [-37.0881096, -10.8584778], [-37.0880994, -10.8586607], [-37.0877842, -10.8590756], [-37.0877889, -10.8592939], [-37.087683, -10.8597131], [-37.0877373, -10.8597734], [-37.0877777, -10.8600976], [-37.087978, -10.8600838], [-37.0882989, -10.8601998], [-37.0884287, -10.8603018], [-37.0888758, -10.8606195], [-37.0893992, -10.8608597], [-37.0898597, -10.8609646], [-37.0902648, -10.861207], [-37.0907984, -10.8616355], [-37.0910733, -10.8618172], [-37.0911445, -10.8620725], [-37.0915891, -10.8622972], [-37.0916957, -10.8622409], [-37.0917329, -10.8621182], [-37.0916943, -10.86198], [-37.0916979, -10.861893], [-37.0922538, -10.8621537], [-37.092507, -10.8624132], [-37.0928854, -10.8625595], [-37.0932245, -10.8626726], [-37.0934119, -10.8627907], [-37.0935566, -10.8629385], [-37.0936765, -10.8631612], [-37.0937403, -10.8636295], [-37.0937376, -10.8640606], [-37.093953, -10.8645449], [-37.0939831, -10.8650639], [-37.0940991, -10.8654268], [-37.0941181, -10.8657838], [-37.0940495, -10.8660623], [-37.0939603, -10.8662627], [-37.0938093, -10.8666277], [-37.0929309, -10.8674523], [-37.0927145, -10.8676069], [-37.0924091, -10.867914], [-37.0922625, -10.868069], [-37.0921319, -10.8680862], [-37.0919768, -10.8681377], [-37.0918626, -10.8684489], [-37.0919938, -10.8688007], [-37.0916741, -10.8689786], [-37.0913266, -10.8692374], [-37.0909216, -10.8694629], [-37.0907751, -10.8695969], [-37.0907528, -10.8697617], [-37.0910656, -10.8701948], [-37.0913271, -10.8705833], [-37.0913109, -10.8707482], [-37.0915928, -10.8712658], [-37.0912795, -10.8713869], [-37.0918697, -10.8725715], [-37.0921948, -10.8725075], [-37.0923091, -10.8726672], [-37.0924729, -10.8726832], [-37.0939146, -10.8734562], [-37.0941947, -10.873317], [-37.0947927, -10.8732787], [-37.095021, -10.8731632], [-37.0950309, -10.8730282], [-37.0947272, -10.8726005], [-37.0948219, -10.8725051], [-37.0948965, -10.8722206], [-37.0952102, -10.8720366], [-37.0961732, -10.8712605], [-37.0962448, -10.870982], [-37.0964721, -10.8710194], [-37.0966635, -10.8709846], [-37.0967906, -10.8710394], [-37.0968488, -10.8709528], [-37.0967825, -10.8708774], [-37.0969238, -10.8695263], [-37.0969933, -10.8691069], [-37.0970995, -10.8691015], [-37.0972442, -10.8692524], [-37.0978346, -10.8689771], [-37.0978623, -10.8689113], [-37.0982603, -10.8687165], [-37.0982643, -10.8685696], [-37.0982077, -10.8683893], [-37.0985368, -10.8681814], [-37.0988908, -10.8678567], [-37.0990246, -10.8673386], [-37.099096, -10.8670841], [-37.0987098, -10.8664849], [-37.0988565, -10.8660944], [-37.0987636, -10.8659048], [-37.0986736, -10.8657393], [-37.0984742, -10.8656091], [-37.0983255, -10.8656112], [-37.0981135, -10.8655469], [-37.0980203, -10.8653994], [-37.0979999, -10.8652733], [-37.0979001, -10.8652187], [-37.097782, -10.8651909], [-37.0976728, -10.8651753], [-37.0970578, -10.8650215], [-37.0969769, -10.864868], [-37.097324, -10.8646692], [-37.0971191, -10.8640876], [-37.0970041, -10.8640449], [-37.0970836, -10.8639554], [-37.0971602, -10.8638269], [-37.0971014, -10.8635266], [-37.0969729, -10.8632229], [-37.096843, -10.8631381], [-37.0968893, -10.8630094], [-37.0970182, -10.8627733], [-37.096995, -10.8626052], [-37.0968576, -10.8622602], [-37.0966393, -10.8617579], [-37.0965928, -10.8614277], [-37.0965911, -10.8612268], [-37.0965281, -10.8611124], [-37.0964313, -10.8610578], [-37.0964563, -10.860941], [-37.0965791, -10.8607228], [-37.0966293, -10.8604689], [-37.0963091, -10.860242], [-37.0963763, -10.8601644], [-37.0966063, -10.8602648], [-37.0966558, -10.8601182], [-37.0969227, -10.8601318], [-37.097316, -10.8603082], [-37.0975132, -10.8603184], [-37.0975871, -10.8601479], [-37.0976374, -10.8598753], [-37.0976256, -10.8598093], [-37.0977985, -10.8598283], [-37.097895, -10.8599189], [-37.0980109, -10.8598266], [-37.0980838, -10.8598181], [-37.0980999, -10.8596712], [-37.0981675, -10.8595277], [-37.098558, -10.8590817], [-37.0986014, -10.858929], [-37.0984718, -10.8587992], [-37.0982754, -10.8586631], [-37.0981764, -10.8584855], [-37.0982264, -10.8582578], [-37.09831, -10.8579884], [-37.0984138, -10.8578841], [-37.0986332, -10.8577325], [-37.0987282, -10.8575951], [-37.0988014, -10.8575266], [-37.099039, -10.8573871], [-37.0992314, -10.8576612], [-37.0993496, -10.8576919], [-37.0996907, -10.8574961], [-37.1001265, -10.857306], [-37.0998916, -10.8568822], [-37.099539, -10.856246], [-37.100125, -10.855766], [-37.100186, -10.85555], [-37.10013, -10.854769], [-37.100477, -10.85369], [-37.100519, -10.85299], [-37.1012876, -10.8508401], [-37.1013687, -10.8504923], [-37.1013404, -10.8504093], [-37.1011225, -10.8504769], [-37.1008798, -10.8505662], [-37.1007595, -10.8506146], [-37.1006459, -10.8506636], [-37.1005295, -10.8507205], [-37.1004159, -10.8507786], [-37.1002126, -10.8508944], [-37.1000074, -10.8510249], [-37.0997802, -10.8511837], [-37.0993263, -10.8515123], [-37.099076, -10.8516937], [-37.098812, -10.8518774], [-37.0986963, -10.8519532], [-37.0985882, -10.8520218], [-37.098473, -10.8520907], [-37.0983581, -10.8521533], [-37.098243, -10.852207], [-37.098126, -10.852256], [-37.0978866, -10.8523412], [-37.0977616, -10.8523779], [-37.0976272, -10.8524133], [-37.0975045, -10.8524413], [-37.0973745, -10.8524662], [-37.0973576, -10.8524684], [-37.097216, -10.8524877], [-37.0971283, -10.8524962], [-37.097045, -10.8525039], [-37.0969698, -10.8525091], [-37.0968856, -10.8525121], [-37.0967276, -10.8525121], [-37.0966161, -10.8525073], [-37.0965163, -10.8525003], [-37.096406, -10.8524895], [-37.0962966, -10.8524757], [-37.0962181, -10.8524632], [-37.0961375, -10.8524486], [-37.0959382, -10.8524044], [-37.0957813, -10.8523606], [-37.0956341, -10.8523125], [-37.0955027, -10.8522628], [-37.0953828, -10.8522128], [-37.0952902, -10.8521694], [-37.0952036, -10.8521259], [-37.0950852, -10.8520597], [-37.0949586, -10.8519797], [-37.0947308, -10.8518118], [-37.094368, -10.8515306], [-37.0937182, -10.8510065], [-37.092262, -10.8498349], [-37.0920575, -10.8496654], [-37.0919289, -10.8495495], [-37.0917723, -10.8493752], [-37.091671, -10.8492352], [-37.0915776, -10.8491129], [-37.0914925, -10.8490333], [-37.0914183, -10.8489858], [-37.0913403, -10.848944], [-37.0910902, -10.848829], [-37.0906612, -10.8486509], [-37.0905121, -10.8486011], [-37.0899611, -10.8486026], [-37.090196, -10.849582], [-37.089838, -10.851348], [-37.0898071, -10.851788], [-37.0897383, -10.8520772], [-37.0897147, -10.852197], [-37.0884613, -10.8521386], [-37.088458, -10.85255], [-37.088478, -10.852642], [-37.088524, -10.852878], [-37.088673, -10.853232], [-37.088957, -10.853497], [-37.0889576, -10.8534986]]]}}, {"type": "Feature", "properties": {"nome": "Castelo", "municipio": "Nossa Senhora do Socorro", "fonte": "OpenStreetMap (Overpass API)", "osm_type": "relation", "osm_id": 20389948}, "geometry": {"type": "Polygon", "coordinates": [[[-37.1114853, -10.8461017], [-37.110548, -10.849824], [-37.1105401, -10.851091], [-37.110557, -10.851895], [-37.112502, -10.85259], [-37.11267, -10.852722], [-37.112983, -10.852874], [-37.114931, -10.85382], [-37.115034, -10.853383], [-37.1169952, -10.8490812], [-37.118582, -10.85013], [-37.1187551, -10.8498734], [-37.119055, -10.8500664], [-37.1196986, -10.850052], [-37.1242857, -10.8529824], [-37.1245162, -10.8529138], [-37.1245988, -10.8529541], [-37.1247086, -10.8531745], [-37.125194, -10.853589], [-37.125729, -10.852991], [-37.125915, -10.852698], [-37.125977, -10.851767], [-37.125967, -10.851462], [-37.125993, -10.851246], [-37.126021, -10.851162], [-37.125987, -10.85114], [-37.1253, -10.851266], [-37.1246153, -10.8510298], [-37.1232559, -10.8501203], [-37.1233946, -10.848302], [-37.1225212, -10.8474627], [-37.1220184, -10.8469764], [-37.1217636, -10.8467302], [-37.12151, -10.8464856], [-37.1213612, -10.8463901], [-37.121092, -10.846076], [-37.1208532, -10.8457809], [-37.120773, -10.84566], [-37.120007, -10.84474], [-37.1198549, -10.8445891], [-37.119698, -10.844447], [-37.117948, -10.842979], [-37.1178604, -10.842911], [-37.1177604, -10.8428481], [-37.117613, -10.8427817], [-37.1174896, -10.8427424], [-37.1173654, -10.8427113], [-37.1172375, -10.8426941], [-37.1171124, -10.8426871], [-37.1169753, -10.8426917], [-37.1166701, -10.8427001], [-37.1161375, -10.8427601], [-37.1150336, -10.8428513], [-37.1128109, -10.8429283], [-37.1127526, -10.8429347], [-37.1127261, -10.8429394], [-37.1126974, -10.8429521], [-37.1126613, -10.842972], [-37.1126339, -10.8429993], [-37.112602, -10.8430553], [-37.1125808, -10.843107], [-37.1125463, -10.8432375], [-37.1124178, -10.8439461], [-37.1124102, -10.8440151], [-37.1124077, -10.8440848], [-37.1124151, -10.8441818], [-37.1124312, -10.8442929], [-37.1124988, -10.8446236], [-37.1125216, -10.8447585], [-37.1125323, -10.8448341], [-37.1125342, -10.844875], [-37.1125305, -10.8449148], [-37.1125253, -10.8449558], [-37.1125139, -10.8449955], [-37.1124839, -10.8450662], [-37.1124555, -10.8451162], [-37.1124226, -10.8451609], [-37.112213, -10.8453795], [-37.1118078, -10.8457671], [-37.1114853, -10.8461017]]]}}, {"type": "Feature", "properties": {"nome": "Centro Histórico", "municipio": "Nossa Senhora do Socorro", "fonte": "OpenStreetMap (Overpass API)", "osm_type": "relation", "osm_id": 20389950}, "geometry": {"type": "Polygon", "coordinates": [[[-37.128013, -10.859096], [-37.1278123, -10.858231], [-37.1277766, -10.8581055], [-37.12773, -10.857946], [-37.1275606, -10.8577585], [-37.127641, -10.857656], [-37.127735, -10.857537], [-37.128681, -10.856445], [-37.128911, -10.856255], [-37.129387, -10.856011], [-37.13005, -10.855693], [-37.130864, -10.855315], [-37.131402, -10.855005], [-37.131644, -10.854711], [-37.131791, -10.854292], [-37.131843, -10.853924], [-37.131913, -10.853577], [-37.132057, -10.853304], [-37.132287, -10.853049], [-37.132499, -10.852771], [-37.132647, -10.852483], [-37.132741, -10.852191], [-37.132782, -10.851978], [-37.132718, -10.850387], [-37.13282, -10.850206], [-37.132803, -10.849935], [-37.131658, -10.850017], [-37.131344, -10.85008], [-37.131054, -10.850226], [-37.130805, -10.850437], [-37.130645, -10.850665], [-37.130544, -10.850931], [-37.130459, -10.851248], [-37.130387, -10.85143], [-37.129673, -10.851057], [-37.129377, -10.848741], [-37.130153, -10.847707], [-37.1292827, -10.8444617], [-37.1290618, -10.8443867], [-37.1290094, -10.8445889], [-37.1285499, -10.8453624], [-37.1282905, -10.8458254], [-37.1282065, -10.8459568], [-37.127914, -10.845775], [-37.127726, -10.846134], [-37.127483, -10.846236], [-37.126615, -10.84567], [-37.126613, -10.845574], [-37.1262074, -10.84559], [-37.1262796, -10.8458243], [-37.126149, -10.849181], [-37.1254758, -10.8503344], [-37.1234115, -10.8483174], [-37.1233946, -10.848302], [-37.1232559, -10.8501203], [-37.1246153, -10.8510298], [-37.1253, -10.851266], [-37.125987, -10.85114], [-37.126021, -10.851162], [-37.125993, -10.851246], [-37.125967, -10.851462], [-37.125977, -10.851767], [-37.125915, -10.852698], [-37.125729, -10.852991], [-37.125194, -10.853589], [-37.1247086, -10.8531745], [-37.1245988, -10.8529541], [-37.1245162, -10.8529138], [-37.1242857, -10.8529824], [-37.1237843, -10.8546005], [-37.123721, -10.854735], [-37.122911, -10.856039], [-37.123855, -10.85665], [-37.123049, -10.85808], [-37.1230223, -10.8581686], [-37.1230868, -10.8582413], [-37.1239784, -10.8584703], [-37.124129, -10.858588], [-37.12419, -10.858706], [-37.124762, -10.858751], [-37.124979, -10.860314], [-37.126108, -10.860229], [-37.127391, -10.859465], [-37.127706, -10.86015], [-37.128048, -10.860501], [-37.1280964, -10.860056], [-37.128115, -10.859817], [-37.1281154, -10.8597244], [-37.1281107, -10.859632], [-37.1280737, -10.8593882], [-37.128013, -10.859096]]]}}, {"type": "Feature", "properties": {"nome": "Taboca", "municipio": "Nossa Senhora do Socorro", "fonte": "OpenStreetMap (Overpass API)", "osm_type": "relation", "osm_id": 20389986}, "geometry": {"type": "Polygon", "coordinates": [[[-37.1354809, -10.892316], [-37.1355416, -10.8922784], [-37.1359192, -10.8920704], [-37.1360623, -10.8919907], [-37.1362038, -10.891919], [-37.1362811, -10.8918855], [-37.1363687, -10.8918575], [-37.1365019, -10.8918339], [-37.1365502, -10.8918328], [-37.1365994, -10.8918375], [-37.1366445, -10.8918463], [-37.1366906, -10.8918625], [-37.1369652, -10.8920009], [-37.1370496, -10.8920389], [-37.1371279, -10.8920693], [-37.137215, -10.8920865], [-37.137271, -10.8920927], [-37.1373311, -10.8920946], [-37.137599, -10.8920771], [-37.1377231, -10.8920624], [-37.1379703, -10.8920241], [-37.1388449, -10.8918875], [-37.1390644, -10.8918434], [-37.1391833, -10.891811], [-37.1392962, -10.8917727], [-37.1396801, -10.8916199], [-37.1398489, -10.8915305], [-37.1400324, -10.8913864], [-37.1401743, -10.8912994], [-37.140658, -10.891026], [-37.1409206, -10.890852], [-37.1415131, -10.8905019], [-37.1418655, -10.8902414], [-37.1423016, -10.8897202], [-37.1428589, -10.8884252], [-37.1434655, -10.887143], [-37.143761, -10.8860558], [-37.143402, -10.885279], [-37.1418497, -10.8820786], [-37.1438, -10.881001], [-37.1435425, -10.8806933], [-37.1432958, -10.8804959], [-37.143248, -10.8804222], [-37.1432208, -10.8802776], [-37.1432141, -10.8800058], [-37.14393, -10.879567], [-37.144588, -10.878065], [-37.144253, -10.876957], [-37.144205, -10.875919], [-37.143433, -10.87632], [-37.142661, -10.875102], [-37.143546, -10.874785], [-37.144102, -10.874605], [-37.144595, -10.874302], [-37.144698, -10.874658], [-37.145539, -10.874168], [-37.146739, -10.873643], [-37.146594, -10.873214], [-37.14622, -10.872597], [-37.145948, -10.872383], [-37.145024, -10.872241], [-37.145262, -10.871323], [-37.142701, -10.87049], [-37.142272, -10.869915], [-37.141586, -10.871453], [-37.139984, -10.871674], [-37.138481, -10.870283], [-37.136633, -10.869464], [-37.136465, -10.869929], [-37.134998, -10.869133], [-37.134394, -10.868957], [-37.133731, -10.8690219], [-37.133753, -10.869398], [-37.133141, -10.869385], [-37.1328707, -10.8694347], [-37.1327325, -10.8694743], [-37.1325695, -10.8695394], [-37.1324821, -10.8695605], [-37.1324115, -10.8695606], [-37.1324089, -10.869599], [-37.1324029, -10.8696878], [-37.1322022, -10.8698015], [-37.131757, -10.869554], [-37.131562, -10.869763], [-37.13142, -10.870124], [-37.131046, -10.870587], [-37.132033, -10.871356], [-37.1344465, -10.8715607], [-37.133603, -10.8812367], [-37.1334829, -10.8824067], [-37.1333711, -10.8825981], [-37.133228, -10.8844608], [-37.132921, -10.8888599], [-37.132564, -10.892205], [-37.1327277, -10.8921647], [-37.133096, -10.892015], [-37.1332306, -10.8919704], [-37.1333217, -10.8919514], [-37.1334198, -10.8919418], [-37.1335124, -10.8919522], [-37.1336064, -10.8919735], [-37.1336957, -10.891995], [-37.1337893, -10.8920282], [-37.1338847, -10.892073], [-37.1339777, -10.8921275], [-37.1344904, -10.8924924], [-37.1345625, -10.8925149], [-37.1346557, -10.8925353], [-37.1347581, -10.8925468], [-37.1348611, -10.8925492], [-37.1349399, -10.8925443], [-37.1350191, -10.892534], [-37.1350898, -10.8925147], [-37.1351595, -10.8924908], [-37.1352484, -10.8924512], [-37.1353328, -10.8924061], [-37.1354809, -10.892316]]]}}, {"type": "Feature", "properties": {"nome": "Santa Cecília", "municipio": "Nossa Senhora do Socorro", "fonte": "OpenStreetMap (Overpass API)", "osm_type": "relation", "osm_id": 20389987}, "geometry": {"type": "Polygon", "coordinates": [[[-37.124229, -10.895501], [-37.1241578, -10.8953845], [-37.1229436, -10.8948854], [-37.1218652, -10.8945015], [-37.121679, -10.893855], [-37.1213117, -10.8932352], [-37.1211933, -10.893187], [-37.121085, -10.893042], [-37.121436, -10.892763], [-37.121814, -10.892368], [-37.12322, -10.890841], [-37.118965, -10.889102], [-37.119358, -10.888073], [-37.116495, -10.887626], [-37.114778, -10.887875], [-37.1116282, -10.889054], [-37.1115864, -10.8869019], [-37.1115788, -10.8861623], [-37.11118, -10.885059], [-37.110744, -10.883834], [-37.111275, -10.88351], [-37.112932, -10.884295], [-37.113153, -10.885193], [-37.115456, -10.8860766], [-37.1165033, -10.8853289], [-37.1167921, -10.8850527], [-37.1169987, -10.8847558], [-37.117111, -10.8845287], [-37.117186, -10.8843189], [-37.1172371, -10.8841257], [-37.1173126, -10.883854], [-37.1173782, -10.8833866], [-37.1173738, -10.8831725], [-37.117333, -10.882867], [-37.1177815, -10.8827615], [-37.1180114, -10.8824285], [-37.1182273, -10.8820504], [-37.118236, -10.8819266], [-37.1181773, -10.8817066], [-37.1182035, -10.8816099], [-37.1184404, -10.881587], [-37.118847, -10.8816703], [-37.1193732, -10.881681], [-37.1198907, -10.8817621], [-37.1201799, -10.8817536], [-37.1202821, -10.8816468], [-37.121827, -10.881406], [-37.122777, -10.881115], [-37.123667, -10.879738], [-37.1255159, -10.8799578], [-37.125928, -10.8799759], [-37.1262868, -10.8800443], [-37.1263338, -10.8800552], [-37.1263574, -10.8800643], [-37.1264412, -10.8800958], [-37.1264808, -10.880107], [-37.126576, -10.8801249], [-37.1266061, -10.8801251], [-37.1267989, -10.8800987], [-37.1268978, -10.8801051], [-37.12717, -10.88025], [-37.1272843, -10.8803138], [-37.1274028, -10.8803544], [-37.127599, -10.8804121], [-37.127767, -10.8804847], [-37.1279203, -10.8804932], [-37.1279975, -10.8805407], [-37.1280323, -10.8806053], [-37.1280345, -10.8806624], [-37.1279247, -10.8807793], [-37.1278969, -10.8808012], [-37.1279078, -10.8809763], [-37.1279752, -10.8811322], [-37.1281166, -10.8812411], [-37.1282049, -10.8812593], [-37.1283033, -10.8812566], [-37.1283875, -10.8812553], [-37.1284522, -10.8812408], [-37.1284753, -10.8812411], [-37.1285063, -10.8812571], [-37.1285313, -10.8813191], [-37.1285466, -10.8813393], [-37.1285737, -10.8813468], [-37.1286058, -10.8813425], [-37.1286477, -10.88131], [-37.1286933, -10.8812721], [-37.1287178, -10.8812694], [-37.1287515, -10.8812779], [-37.1288439, -10.8813148], [-37.1289601, -10.8813247], [-37.1289929, -10.8813423], [-37.1290146, -10.8813628], [-37.129023, -10.8813799], [-37.1290505, -10.8814103], [-37.1290904, -10.8814242], [-37.1292888, -10.8814735], [-37.129365, -10.8814779], [-37.1294381, -10.8814907], [-37.1296522, -10.8815793], [-37.1298474, -10.8816404], [-37.130594, -10.881584], [-37.1308629, -10.8817856], [-37.1310999, -10.8818838], [-37.1312434, -10.8820216], [-37.1313641, -10.8821444], [-37.1314434, -10.8822469], [-37.131543, -10.8822646], [-37.1315793, -10.8822436], [-37.1316043, -10.8821636], [-37.1316098, -10.8820077], [-37.131637, -10.881965], [-37.1316679, -10.8819431], [-37.1317185, -10.8819239], [-37.1317892, -10.8819063], [-37.1319294, -10.8818112], [-37.1320294, -10.8816799], [-37.1321142, -10.881476], [-37.132136, -10.8813671], [-37.1321175, -10.8812027], [-37.1321947, -10.8811429], [-37.13225, -10.881061], [-37.1323045, -10.8810137], [-37.1323447, -10.8809966], [-37.132473, -10.8809646], [-37.1327698, -10.8809518], [-37.1328632, -10.8809827], [-37.1329026, -10.8809874], [-37.1329379, -10.8809814], [-37.1330062, -10.8809375], [-37.1330249, -10.8809334], [-37.133042, -10.8809347], [-37.1330675, -10.8809399], [-37.1331091, -10.8809568], [-37.1331672, -10.8809592], [-37.1331908, -10.8809667], [-37.1332144, -10.8809859], [-37.1332255, -10.8810062], [-37.1332303, -10.8810329], [-37.1332302, -10.8810674], [-37.1332283, -10.8810985], [-37.1332288, -10.8811123], [-37.1332315, -10.8811258], [-37.1332386, -10.8811413], [-37.1332487, -10.8811541], [-37.1332623, -10.8811664], [-37.1333012, -10.8811842], [-37.1333789, -10.881204], [-37.133603, -10.8812367], [-37.1334829, -10.8824067], [-37.1333711, -10.8825981], [-37.133228, -10.8844608], [-37.132921, -10.8888599], [-37.132564, -10.892205], [-37.1323051, -10.8924446], [-37.1321862, -10.8926423], [-37.1320385, -10.8928176], [-37.1311222, -10.8937958], [-37.1302327, -10.894759], [-37.13008, -10.894926], [-37.1299914, -10.8949961], [-37.129892, -10.8950555], [-37.129735, -10.895138], [-37.129429, -10.8952527], [-37.1293589, -10.8952743], [-37.1292856, -10.8952894], [-37.129219, -10.8952983], [-37.129152, -10.895302], [-37.1282411, -10.8953296], [-37.12805, -10.8953136], [-37.1279054, -10.8953534], [-37.1276945, -10.8953664], [-37.1270479, -10.8953762], [-37.1262197, -10.8953751], [-37.125392, -10.895387], [-37.1247443, -10.8954244], [-37.124591, -10.8954397], [-37.124229, -10.895501]]]}}, {"type": "Feature", "properties": {"nome": "Sobrado", "municipio": "Nossa Senhora do Socorro", "fonte": "OpenStreetMap (Overpass API)", "osm_type": "relation", "osm_id": 20389988}, "geometry": {"type": "Polygon", "coordinates": [[[-37.1050718, -10.8899024], [-37.1051967, -10.8903407], [-37.1052101, -10.8906594], [-37.10509, -10.890952], [-37.1044195, -10.8914621], [-37.1042613, -10.8915714], [-37.1040973, -10.8917051], [-37.1039504, -10.8918037], [-37.1037852, -10.891875], [-37.1034134, -10.8920082], [-37.1031713, -10.8920971], [-37.1030427, -10.8921416], [-37.1029055, -10.8921678], [-37.1027686, -10.8921127], [-37.1026864, -10.8920942], [-37.102641, -10.892103], [-37.10253, -10.892166], [-37.1023281, -10.892345], [-37.102144, -10.892552], [-37.1019034, -10.8930109], [-37.1018839, -10.8931644], [-37.1018748, -10.8933565], [-37.1018882, -10.8938701], [-37.1018778, -10.894123], [-37.1018837, -10.8943315], [-37.1018859, -10.894406], [-37.1018887, -10.8944802], [-37.1019456, -10.8947147], [-37.1027811, -10.896172], [-37.1028316, -10.8963124], [-37.1029052, -10.8963626], [-37.1029885, -10.8964812], [-37.1030788, -10.8965622], [-37.1032427, -10.8967901], [-37.1033509, -10.8969345], [-37.1034504, -10.8970887], [-37.103523, -10.8971885], [-37.1042041, -10.898034], [-37.1048373, -10.8988309], [-37.104976, -10.899005], [-37.105103, -10.899151], [-37.105147, -10.899242], [-37.10522, -10.899323], [-37.105275, -10.899333], [-37.1053112, -10.899333], [-37.105348, -10.89936], [-37.1053655, -10.8994146], [-37.1053928, -10.8994329], [-37.1054565, -10.8994875], [-37.105447, -10.8995507], [-37.105456, -10.899641], [-37.1054733, -10.8997227], [-37.1054959, -10.8997725], [-37.1055184, -10.8998224], [-37.1055454, -10.8999039], [-37.1055907, -10.8999854], [-37.1057887, -10.9004297], [-37.1057977, -10.900493], [-37.1058066, -10.9005564], [-37.1058244, -10.9006196], [-37.1059519, -10.9007199], [-37.1060153, -10.9008106], [-37.1060423, -10.9008652], [-37.1061061, -10.9009016], [-37.106197, -10.9009927], [-37.1062233, -10.9011827], [-37.1062309, -10.9014358], [-37.106249, -10.901508], [-37.106294, -10.9015627], [-37.106312, -10.901599], [-37.1063298, -10.9017165], [-37.106357, -10.901753], [-37.1063383, -10.9017981], [-37.1063428, -10.9018094], [-37.1063473, -10.9018208], [-37.1063562, -10.9018434], [-37.1064382, -10.9018891], [-37.1065202, -10.9019528], [-37.1065655, -10.9020344], [-37.1066012, -10.9021522], [-37.106692, -10.9022613], [-37.1067281, -10.9023338], [-37.1068007, -10.9024337], [-37.1068821, -10.9025698], [-37.1069547, -10.9026696], [-37.1070178, -10.9028508], [-37.1070161, -10.9030768], [-37.107239, -10.9040092], [-37.1075174, -10.9047974], [-37.107323, -10.905248], [-37.1071341, -10.9056578], [-37.107564, -10.905586], [-37.108033, -10.905547], [-37.108471, -10.905536], [-37.108873, -10.905554], [-37.109354, -10.905597], [-37.109884, -10.905669], [-37.110991, -10.905845], [-37.115695, -10.906586], [-37.11622, -10.906661], [-37.116673, -10.906701], [-37.117117, -10.906711], [-37.1176814, -10.9066873], [-37.1179193, -10.9066677], [-37.1182436, -10.9066304], [-37.1187101, -10.9065483], [-37.1195812, -10.9063233], [-37.119744, -10.9059686], [-37.1205514, -10.9040622], [-37.1212831, -10.9023844], [-37.122602, -10.89942], [-37.1213816, -10.8989127], [-37.1216665, -10.8984277], [-37.1218437, -10.8981647], [-37.1223309, -10.8973141], [-37.1225311, -10.896927], [-37.122639, -10.8967294], [-37.122747, -10.896546], [-37.1228154, -10.8964447], [-37.1228779, -10.8963738], [-37.1229347, -10.8963229], [-37.1230003, -10.8962738], [-37.1235547, -10.8958842], [-37.12388, -10.895689], [-37.124128, -10.89555], [-37.124229, -10.895501], [-37.1241578, -10.8953845], [-37.1229436, -10.8948854], [-37.1218652, -10.8945015], [-37.121679, -10.893855], [-37.1213117, -10.8932352], [-37.1211933, -10.893187], [-37.121085, -10.893042], [-37.121436, -10.892763], [-37.121814, -10.892368], [-37.12322, -10.890841], [-37.118965, -10.889102], [-37.119358, -10.888073], [-37.116495, -10.887626], [-37.114778, -10.887875], [-37.1116282, -10.889054], [-37.1114497, -10.8903158], [-37.1105956, -10.8907319], [-37.1090632, -10.8910599], [-37.1076988, -10.891139], [-37.1060228, -10.8903776], [-37.1050718, -10.8899024]]]}}, {"type": "Feature", "properties": {"nome": "Boa Viagem", "municipio": "Nossa Senhora do Socorro", "fonte": "OpenStreetMap (Overpass API)", "osm_type": "relation", "osm_id": 20389989}, "geometry": {"type": "Polygon", "coordinates": [[[-37.1195812, -10.9063233], [-37.12512, -10.904741], [-37.131592, -10.902927], [-37.136753, -10.9014797], [-37.136226, -10.900147], [-37.135769, -10.896819], [-37.1351974, -10.8934407], [-37.1354809, -10.892316], [-37.1353328, -10.8924061], [-37.1352484, -10.8924512], [-37.1351595, -10.8924908], [-37.1350898, -10.8925147], [-37.1350191, -10.892534], [-37.1349399, -10.8925443], [-37.1348611, -10.8925492], [-37.1347581, -10.8925468], [-37.1346557, -10.8925353], [-37.1345625, -10.8925149], [-37.1344904, -10.8924924], [-37.1339777, -10.8921275], [-37.1338847, -10.892073], [-37.1337893, -10.8920282], [-37.1336957, -10.891995], [-37.1336064, -10.8919735], [-37.1335124, -10.8919522], [-37.1334198, -10.8919418], [-37.1333217, -10.8919514], [-37.1332306, -10.8919704], [-37.133096, -10.892015], [-37.1327277, -10.8921647], [-37.132564, -10.892205], [-37.1323051, -10.8924446], [-37.1321862, -10.8926423], [-37.1320385, -10.8928176], [-37.1311222, -10.8937958], [-37.1302327, -10.894759], [-37.13008, -10.894926], [-37.1299914, -10.8949961], [-37.129892, -10.8950555], [-37.129735, -10.895138], [-37.129429, -10.8952527], [-37.1293589, -10.8952743], [-37.1292856, -10.8952894], [-37.129219, -10.8952983], [-37.129152, -10.895302], [-37.1282411, -10.8953296], [-37.12805, -10.8953136], [-37.1279054, -10.8953534], [-37.1276945, -10.8953664], [-37.1270479, -10.8953762], [-37.1262197, -10.8953751], [-37.125392, -10.895387], [-37.1247443, -10.8954244], [-37.124591, -10.8954397], [-37.124229, -10.895501], [-37.124128, -10.89555], [-37.12388, -10.895689], [-37.1235547, -10.8958842], [-37.1230003, -10.8962738], [-37.1229347, -10.8963229], [-37.1228779, -10.8963738], [-37.1228154, -10.8964447], [-37.122747, -10.896546], [-37.122639, -10.8967294], [-37.1225311, -10.896927], [-37.1223309, -10.8973141], [-37.1218437, -10.8981647], [-37.1216665, -10.8984277], [-37.1213816, -10.8989127], [-37.122602, -10.89942], [-37.1212831, -10.9023844], [-37.1205514, -10.9040622], [-37.119744, -10.9059686], [-37.1195812, -10.9063233]]]}}, {"type": "Feature", "properties": {"nome": "Jardim", "municipio": "Nossa Senhora do Socorro", "fonte": "OpenStreetMap (Overpass API)", "osm_type": "relation", "osm_id": 20389990}, "geometry": {"type": "Polygon", "coordinates": [[[-37.1354809, -10.892316], [-37.1351974, -10.8934407], [-37.135769, -10.896819], [-37.136226, -10.900147], [-37.136753, -10.9014797], [-37.13858, -10.9009644], [-37.139406, -10.900779], [-37.140105, -10.900715], [-37.141027, -10.900712], [-37.141734, -10.900787], [-37.1422545, -10.9008996], [-37.1426906, -10.9010079], [-37.1431223, -10.9011588], [-37.1433273, -10.901229], [-37.143685, -10.9013736], [-37.1439427, -10.9014877], [-37.1441852, -10.9016061], [-37.1444, -10.9017193], [-37.144803, -10.9019584], [-37.1452915, -10.9022862], [-37.145456, -10.902099], [-37.146126, -10.901588], [-37.146771, -10.901173], [-37.148757, -10.900466], [-37.148726, -10.900127], [-37.14876, -10.899037], [-37.15164, -10.899105], [-37.1513248, -10.8982925], [-37.150654, -10.896561], [-37.150024, -10.894876], [-37.149883, -10.894829], [-37.149353, -10.893484], [-37.148255, -10.8906], [-37.1482643, -10.890338], [-37.1482463, -10.8902094], [-37.148149, -10.889964], [-37.1481434, -10.889825], [-37.1481647, -10.8897383], [-37.1482943, -10.8889971], [-37.1484302, -10.8882885], [-37.1485994, -10.8877394], [-37.149103, -10.884625], [-37.149168, -10.884276], [-37.15012, -10.884138], [-37.150406, -10.884714], [-37.153071, -10.883106], [-37.152774, -10.882719], [-37.15341, -10.882601], [-37.152565, -10.881459], [-37.152081, -10.880674], [-37.151276, -10.880348], [-37.150515, -10.879528], [-37.149958, -10.880035], [-37.149627, -10.879757], [-37.1482275, -10.8787703], [-37.1479505, -10.8788417], [-37.1476803, -10.8789271], [-37.1474153, -10.879027], [-37.1471648, -10.879134], [-37.1468437, -10.8792913], [-37.146532, -10.8794607], [-37.1458499, -10.8798355], [-37.1438, -10.881001], [-37.1418497, -10.8820786], [-37.143402, -10.885279], [-37.143761, -10.8860558], [-37.1434655, -10.887143], [-37.1428589, -10.8884252], [-37.1423016, -10.8897202], [-37.1418655, -10.8902414], [-37.1415131, -10.8905019], [-37.1409206, -10.890852], [-37.140658, -10.891026], [-37.1401743, -10.8912994], [-37.1400324, -10.8913864], [-37.1398489, -10.8915305], [-37.1396801, -10.8916199], [-37.1392962, -10.8917727], [-37.1391833, -10.891811], [-37.1390644, -10.8918434], [-37.1388449, -10.8918875], [-37.1379703, -10.8920241], [-37.1377231, -10.8920624], [-37.137599, -10.8920771], [-37.1373311, -10.8920946], [-37.137271, -10.8920927], [-37.137215, -10.8920865], [-37.1371279, -10.8920693], [-37.1370496, -10.8920389], [-37.1369652, -10.8920009], [-37.1366906, -10.8918625], [-37.1366445, -10.8918463], [-37.1365994, -10.8918375], [-37.1365502, -10.8918328], [-37.1365019, -10.8918339], [-37.1363687, -10.8918575], [-37.1362811, -10.8918855], [-37.1362038, -10.891919], [-37.1360623, -10.8919907], [-37.1359192, -10.8920704], [-37.1355416, -10.8922784], [-37.1354809, -10.892316]]]}}, {"type": "Feature", "properties": {"nome": "Itacanema", "municipio": "Nossa Senhora do Socorro", "fonte": "OpenStreetMap (Overpass API)", "osm_type": "relation", "osm_id": 20389992}, "geometry": {"type": "Polygon", "coordinates": [[[-37.1321138, -10.9223504], [-37.1304154, -10.9215784], [-37.129727, -10.921302], [-37.1289566, -10.9210206], [-37.127505, -10.92059], [-37.122482, -10.91883], [-37.121899, -10.918648], [-37.121184, -10.918418], [-37.120758, -10.918225], [-37.120273, -10.918115], [-37.119523, -10.917856], [-37.119044, -10.917715], [-37.118599, -10.917559], [-37.118035, -10.917382], [-37.117754, -10.917307], [-37.11763, -10.917258], [-37.117443, -10.917198], [-37.116952, -10.917051], [-37.117051, -10.916682], [-37.116381, -10.915187], [-37.117022, -10.914738], [-37.118823, -10.91517], [-37.1192, -10.913596], [-37.119366, -10.912682], [-37.119295, -10.912334], [-37.1191219, -10.9118924], [-37.1189844, -10.911636], [-37.1172643, -10.9091989], [-37.1194114, -10.9067284], [-37.1195812, -10.9063233], [-37.12512, -10.904741], [-37.131592, -10.902927], [-37.1315954, -10.90392], [-37.131709, -10.9046739], [-37.1318278, -10.9061339], [-37.1318349, -10.9070767], [-37.1316894, -10.9074792], [-37.1316013, -10.9076057], [-37.1318603, -10.9078113], [-37.1317875, -10.9081356], [-37.131807, -10.9091484], [-37.1318122, -10.9092729], [-37.1318463, -10.9093181], [-37.1320044, -10.9093437], [-37.1325756, -10.9091955], [-37.1327569, -10.9091217], [-37.1328505, -10.9091547], [-37.1329386, -10.9094591], [-37.1335582, -10.9114126], [-37.1332895, -10.9114996], [-37.1331675, -10.911525], [-37.1339191, -10.9142748], [-37.1339698, -10.9143713], [-37.1339553, -10.9144298], [-37.1339309, -10.9145072], [-37.1338787, -10.9147327], [-37.1338656, -10.9149036], [-37.1337784, -10.9153781], [-37.1331284, -10.9152631], [-37.1328469, -10.9157544], [-37.1321979, -10.9156542], [-37.1321027, -10.9161938], [-37.1320625, -10.9164732], [-37.1319873, -10.9168914], [-37.1318956, -10.9174108], [-37.1318685, -10.917587], [-37.1318178, -10.9178718], [-37.1317478, -10.9182355], [-37.130462, -10.9180111], [-37.1303566, -10.9185276], [-37.1298959, -10.9184422], [-37.1295651, -10.9197584], [-37.1314171, -10.919978], [-37.1311449, -10.9210834], [-37.1304012, -10.9207647], [-37.130203, -10.9210934], [-37.1322169, -10.9218031], [-37.1321138, -10.9223504]]]}}, {"type": "Feature", "properties": {"nome": "Parque dos Faróis", "municipio": "Nossa Senhora do Socorro", "fonte": "OpenStreetMap (Overpass API)", "osm_type": "relation", "osm_id": 20389993}, "geometry": {"type": "Polygon", "coordinates": [[[-37.1321138, -10.9223504], [-37.1329494, -10.9227631], [-37.134449, -10.923483], [-37.13581, -10.923891], [-37.138273, -10.925005], [-37.1385164, -10.9213896], [-37.139727, -10.914568], [-37.139677, -10.914285], [-37.139577, -10.913856], [-37.138774, -10.912532], [-37.139527, -10.91107], [-37.147926, -10.908589], [-37.152482, -10.907281], [-37.1452915, -10.9022862], [-37.144803, -10.9019584], [-37.1444, -10.9017193], [-37.1441852, -10.9016061], [-37.1439427, -10.9014877], [-37.143685, -10.9013736], [-37.1433273, -10.901229], [-37.1431223, -10.9011588], [-37.1426906, -10.9010079], [-37.1422545, -10.9008996], [-37.141734, -10.900787], [-37.141027, -10.900712], [-37.140105, -10.900715], [-37.139406, -10.900779], [-37.13858, -10.9009644], [-37.136753, -10.9014797], [-37.131592, -10.902927], [-37.1315954, -10.90392], [-37.131709, -10.9046739], [-37.1318278, -10.9061339], [-37.1318349, -10.9070767], [-37.1316894, -10.9074792], [-37.1316013, -10.9076057], [-37.1318603, -10.9078113], [-37.1317875, -10.9081356], [-37.131807, -10.9091484], [-37.1318122, -10.9092729], [-37.1318463, -10.9093181], [-37.1320044, -10.9093437], [-37.1325756, -10.9091955], [-37.1327569, -10.9091217], [-37.1328505, -10.9091547], [-37.1329386, -10.9094591], [-37.1335582, -10.9114126], [-37.1332895, -10.9114996], [-37.1331675, -10.911525], [-37.1339191, -10.9142748], [-37.1339698, -10.9143713], [-37.1339553, -10.9144298], [-37.1339309, -10.9145072], [-37.1338787, -10.9147327], [-37.1338656, -10.9149036], [-37.1337784, -10.9153781], [-37.1331284, -10.9152631], [-37.1328469, -10.9157544], [-37.1321979, -10.9156542], [-37.1321027, -10.9161938], [-37.1320625, -10.9164732], [-37.1319873, -10.9168914], [-37.1318956, -10.9174108], [-37.1318685, -10.917587], [-37.1318178, -10.9178718], [-37.1317478, -10.9182355], [-37.130462, -10.9180111], [-37.1303566, -10.9185276], [-37.1298959, -10.9184422], [-37.1295651, -10.9197584], [-37.1314171, -10.919978], [-37.1311449, -10.9210834], [-37.1304012, -10.9207647], [-37.130203, -10.9210934], [-37.1322169, -10.9218031], [-37.1321138, -10.9223504]]]}}, {"type": "Feature", "properties": {"nome": "Pai André", "municipio": "Nossa Senhora do Socorro", "fonte": "OpenStreetMap (Overpass API)", "osm_type": "relation", "osm_id": 20389994}, "geometry": {"type": "Polygon", "coordinates": [[[-37.1588885, -10.9117395], [-37.152482, -10.907281], [-37.147926, -10.908589], [-37.1488597, -10.9204312], [-37.1510218, -10.9201369], [-37.1528405, -10.9212753], [-37.153292, -10.922542], [-37.153715, -10.922308], [-37.15446, -10.922013], [-37.155015, -10.921828], [-37.155174, -10.922078], [-37.155741, -10.922203], [-37.15611, -10.922868], [-37.156365, -10.923116], [-37.156511, -10.92332], [-37.156861, -10.923531], [-37.157098, -10.923559], [-37.157175, -10.923422], [-37.157166, -10.923343], [-37.157347, -10.923302], [-37.157625, -10.923335], [-37.157902, -10.923425], [-37.157964, -10.923531], [-37.1581091, -10.9236331], [-37.1581636, -10.9236583], [-37.1577195, -10.9185303], [-37.1575897, -10.9171627], [-37.1575457, -10.9164693], [-37.1574912, -10.9159843], [-37.1574756, -10.9157479], [-37.1574144, -10.9151181], [-37.1573991, -10.9149271], [-37.1573487, -10.9145252], [-37.1573253, -10.9143194], [-37.157325, -10.914168], [-37.1573761, -10.9140224], [-37.1588885, -10.9117395]]]}}, {"type": "Feature", "properties": {"nome": "Santo Inácio", "municipio": "Nossa Senhora do Socorro", "fonte": "OpenStreetMap (Overpass API)", "osm_type": "relation", "osm_id": 20389995}, "geometry": {"type": "Polygon", "coordinates": [[[-37.1658797, -10.916598], [-37.1657368, -10.9167831], [-37.1651142, -10.9172805], [-37.1634401, -10.9179798], [-37.1623342, -10.9204617], [-37.1620316, -10.9217336], [-37.1618665, -10.9226717], [-37.1616567, -10.9230325], [-37.161046, -10.923504], [-37.1609705, -10.9236309], [-37.1601992, -10.9237294], [-37.1597314, -10.9237181], [-37.1594564, -10.9238691], [-37.1589199, -10.9238255], [-37.1585972, -10.9238318], [-37.1581636, -10.9236583], [-37.1577195, -10.9185303], [-37.1575897, -10.9171627], [-37.1575457, -10.9164693], [-37.1574912, -10.9159843], [-37.1574756, -10.9157479], [-37.1574144, -10.9151181], [-37.1573991, -10.9149271], [-37.1573487, -10.9145252], [-37.1573253, -10.9143194], [-37.157325, -10.914168], [-37.1573761, -10.9140224], [-37.1588885, -10.9117395], [-37.1658797, -10.916598]]]}}, {"type": "Feature", "properties": {"nome": "Palestina de Fora", "municipio": "Nossa Senhora do Socorro", "fonte": "OpenStreetMap (Overpass API)", "osm_type": "relation", "osm_id": 20389996}, "geometry": {"type": "Polygon", "coordinates": [[[-37.169554, -10.913644], [-37.1699843, -10.9122492], [-37.1701393, -10.9113139], [-37.1700969, -10.9110053], [-37.169659, -10.910894], [-37.163372, -10.908492], [-37.1635142, -10.908088], [-37.1634002, -10.908045], [-37.1629522, -10.9079087], [-37.1628121, -10.9078774], [-37.1627478, -10.9078659], [-37.1625811, -10.9078559], [-37.1623326, -10.9078162], [-37.1616756, -10.9077416], [-37.160204, -10.9074953], [-37.1583476, -10.9071022], [-37.1577971, -10.9069725], [-37.1573555, -10.9068282], [-37.1569712, -10.9066667], [-37.1561747, -10.9063763], [-37.1560711, -10.9063144], [-37.1557509, -10.9060946], [-37.1555581, -10.9059218], [-37.1554469, -10.9057882], [-37.1553648, -10.9056717], [-37.1544426, -10.9044979], [-37.1544213, -10.9044711], [-37.154345, -10.9043751], [-37.1537089, -10.9035745], [-37.153517, -10.9033094], [-37.1530289, -10.9025517], [-37.1530235, -10.9025431], [-37.1530201, -10.9025348], [-37.15164, -10.899105], [-37.14876, -10.899037], [-37.148726, -10.900127], [-37.148757, -10.900466], [-37.146771, -10.901173], [-37.146126, -10.901588], [-37.145456, -10.902099], [-37.1452915, -10.9022862], [-37.152482, -10.907281], [-37.1588885, -10.9117395], [-37.1658797, -10.916598], [-37.165912, -10.91656], [-37.166168, -10.916301], [-37.166358, -10.916081], [-37.166886, -10.915441], [-37.167275, -10.915181], [-37.167625, -10.915131], [-37.168104, -10.914892], [-37.168004, -10.914552], [-37.167964, -10.914223], [-37.167997, -10.914093], [-37.168176, -10.913838], [-37.168506, -10.913581], [-37.168571, -10.913501], [-37.168778, -10.913416], [-37.16888, -10.913424], [-37.168993, -10.913456], [-37.169277, -10.913516], [-37.169554, -10.913644]]]}}, {"type": "Feature", "properties": {"nome": "Palestina de Dentro", "municipio": "Nossa Senhora do Socorro", "fonte": "OpenStreetMap (Overpass API)", "osm_type": "relation", "osm_id": 20389997}, "geometry": {"type": "Polygon", "coordinates": [[[-37.173552, -10.902762], [-37.1726992, -10.9039965], [-37.1724003, -10.9047796], [-37.1725229, -10.9055691], [-37.172147, -10.9063559], [-37.1714265, -10.9069562], [-37.1712242, -10.9075503], [-37.1712959, -10.9080048], [-37.1710636, -10.9086001], [-37.1711524, -10.9090345], [-37.1714498, -10.9097685], [-37.1719911, -10.9110012], [-37.1719465, -10.9118973], [-37.1719, -10.912831], [-37.171903, -10.913102], [-37.171781, -10.913224], [-37.171739, -10.913282], [-37.171448, -10.913436], [-37.171242, -10.913574], [-37.170992, -10.913638], [-37.170974, -10.913681], [-37.17108, -10.913775], [-37.171056, -10.913827], [-37.170753, -10.914012], [-37.170266, -10.914026], [-37.170054, -10.913968], [-37.169769, -10.913841], [-37.169554, -10.913644], [-37.1699843, -10.9122492], [-37.1701393, -10.9113139], [-37.1700969, -10.9110053], [-37.169659, -10.910894], [-37.163372, -10.908492], [-37.1635142, -10.908088], [-37.1634002, -10.908045], [-37.1629522, -10.9079087], [-37.1628121, -10.9078774], [-37.1627478, -10.9078659], [-37.1625811, -10.9078559], [-37.1623326, -10.9078162], [-37.1616756, -10.9077416], [-37.160204, -10.9074953], [-37.1583476, -10.9071022], [-37.1577971, -10.9069725], [-37.1573555, -10.9068282], [-37.1569712, -10.9066667], [-37.1561747, -10.9063763], [-37.1560711, -10.9063144], [-37.1557509, -10.9060946], [-37.1555581, -10.9059218], [-37.1554469, -10.9057882], [-37.1553648, -10.9056717], [-37.1544426, -10.9044979], [-37.1544213, -10.9044711], [-37.154345, -10.9043751], [-37.1537089, -10.9035745], [-37.153517, -10.9033094], [-37.1530289, -10.9025517], [-37.1530235, -10.9025431], [-37.1556632, -10.9018941], [-37.1566924, -10.9016251], [-37.1570799, -10.901523], [-37.1571864, -10.9014983], [-37.1576484, -10.9013913], [-37.1590837, -10.9010082], [-37.1599655, -10.9008018], [-37.160033, -10.900786], [-37.1621597, -10.9004442], [-37.162248, -10.90043], [-37.173552, -10.902762]]]}}, {"type": "Feature", "properties": {"nome": "Guajará", "municipio": "Nossa Senhora do Socorro", "fonte": "OpenStreetMap (Overpass API)", "osm_type": "relation", "osm_id": 20389998}, "geometry": {"type": "Polygon", "coordinates": [[[-37.1610346, -10.8954561], [-37.164968, -10.887402], [-37.163413, -10.8854989], [-37.1585727, -10.8925592], [-37.1586047, -10.8927158], [-37.1585686, -10.8927574], [-37.1573722, -10.8941366], [-37.155032, -10.895696], [-37.154863, -10.895827], [-37.1513248, -10.8982925], [-37.15164, -10.899105], [-37.1530201, -10.9025348], [-37.1530235, -10.9025431], [-37.1556632, -10.9018941], [-37.1566924, -10.9016251], [-37.1570799, -10.901523], [-37.1571864, -10.9014983], [-37.1576484, -10.9013913], [-37.1590837, -10.9010082], [-37.1599655, -10.9008018], [-37.160033, -10.900786], [-37.1621597, -10.9004442], [-37.162248, -10.90043], [-37.1625417, -10.8959038], [-37.1624535, -10.8958959], [-37.162301, -10.8958631], [-37.1612181, -10.8955046], [-37.1610346, -10.8954561]]]}}, {"type": "Feature", "properties": {"nome": "Santa Inês", "municipio": "Nossa Senhora do Socorro", "fonte": "OpenStreetMap (Overpass API)", "osm_type": "relation", "osm_id": 20390000}, "geometry": {"type": "Polygon", "coordinates": [[[-37.1596011, -10.8807932], [-37.1577423, -10.8784927], [-37.1572653, -10.8775953], [-37.1553967, -10.8780455], [-37.1535557, -10.8784898], [-37.1532147, -10.8785533], [-37.1530432, -10.8785802], [-37.1528708, -10.8786035], [-37.1525712, -10.8786336], [-37.1524198, -10.8786423], [-37.1522705, -10.8786469], [-37.1520317, -10.8786494], [-37.1518356, -10.8786464], [-37.1499013, -10.8786154], [-37.1492983, -10.8786198], [-37.1489678, -10.8786432], [-37.1486549, -10.878685], [-37.1484385, -10.8787251], [-37.1482275, -10.8787703], [-37.149627, -10.879757], [-37.149958, -10.880035], [-37.150515, -10.879528], [-37.151276, -10.880348], [-37.152081, -10.880674], [-37.152565, -10.881459], [-37.15341, -10.882601], [-37.152774, -10.882719], [-37.153071, -10.883106], [-37.150406, -10.884714], [-37.15012, -10.884138], [-37.149168, -10.884276], [-37.149103, -10.884625], [-37.1485994, -10.8877394], [-37.1484302, -10.8882885], [-37.1482943, -10.8889971], [-37.1481647, -10.8897383], [-37.1481434, -10.889825], [-37.148149, -10.889964], [-37.1482463, -10.8902094], [-37.1482643, -10.890338], [-37.148255, -10.8906], [-37.149353, -10.893484], [-37.149883, -10.894829], [-37.150024, -10.894876], [-37.150654, -10.896561], [-37.1513248, -10.8982925], [-37.154863, -10.895827], [-37.155032, -10.895696], [-37.1573722, -10.8941366], [-37.1585686, -10.8927574], [-37.1586047, -10.8927158], [-37.1585727, -10.8925592], [-37.163413, -10.8854989], [-37.1596011, -10.8807932]]]}}, {"type": "Feature", "properties": {"nome": "Porto Grande", "municipio": "Nossa Senhora do Socorro", "fonte": "OpenStreetMap (Overpass API)", "osm_type": "relation", "osm_id": 20391420}, "geometry": {"type": "Polygon", "coordinates": [[[-37.1262074, -10.84559], [-37.126613, -10.845574], [-37.126615, -10.84567], [-37.127483, -10.846236], [-37.127726, -10.846134], [-37.127914, -10.845775], [-37.1282065, -10.8459568], [-37.1282905, -10.8458254], [-37.1285499, -10.8453624], [-37.1290094, -10.8445889], [-37.1290618, -10.8443867], [-37.1292827, -10.8444617], [-37.1301319, -10.8446363], [-37.1307178, -10.8450004], [-37.1310017, -10.8442472], [-37.1312364, -10.8436367], [-37.1314946, -10.8429662], [-37.1316686, -10.8425041], [-37.132478, -10.841464], [-37.133227, -10.840345], [-37.1338846, -10.8394392], [-37.1343307, -10.8388297], [-37.1332379, -10.83699], [-37.1332362, -10.8356599], [-37.1332371, -10.8350608], [-37.1310108, -10.8340528], [-37.13139, -10.834913], [-37.131173, -10.834845], [-37.130951, -10.8349], [-37.130696, -10.835166], [-37.13055, -10.835296], [-37.130752, -10.835364], [-37.130758, -10.835484], [-37.130799, -10.83554], [-37.130783, -10.835698], [-37.130747, -10.835899], [-37.130504, -10.836093], [-37.130217, -10.836236], [-37.130054, -10.836253], [-37.12981, -10.836238], [-37.129662, -10.836274], [-37.129292, -10.836302], [-37.129176, -10.836239], [-37.128716, -10.83662], [-37.128591, -10.83664], [-37.128405, -10.836768], [-37.12843, -10.836867], [-37.128375, -10.836883], [-37.128375, -10.83709], [-37.128419, -10.837261], [-37.128263, -10.838], [-37.127944, -10.838751], [-37.127864, -10.838985], [-37.127806, -10.839224], [-37.127778, -10.839524], [-37.12786, -10.83953], [-37.127844, -10.83972], [-37.127923, -10.839868], [-37.127891, -10.84036], [-37.127628, -10.840315], [-37.1273369, -10.8418917], [-37.1274332, -10.841934], [-37.1273074, -10.8423192], [-37.126992, -10.842567], [-37.126534, -10.843014], [-37.126123, -10.843705], [-37.125948, -10.844159], [-37.125913, -10.844568], [-37.125994, -10.844968], [-37.1262074, -10.84559]]]}}]}